election_year,candidate,status,valid_from,valid_until,source_url,note
2026,Lula,eligible,2026-09-11,2026-10-04,https://www.tse.jus.br/comunicacao/noticias/2026/Setembro/eleicoes-2026-tem-12-candidaturas-na-disputa-pela-presidencia-da-republica,Cédula final validada pelo TSE
2026,Flávio Bolsonaro,eligible,2026-09-11,2026-10-04,https://www.tse.jus.br/comunicacao/noticias/2026/Setembro/eleicoes-2026-tem-12-candidaturas-na-disputa-pela-presidencia-da-republica,Cédula final validada pelo TSE
2026,Ronaldo Caiado,eligible,2026-09-11,2026-10-04,https://www.tse.jus.br/comunicacao/noticias/2026/Setembro/eleicoes-2026-tem-12-candidaturas-na-disputa-pela-presidencia-da-republica,Cédula final validada pelo TSE
2026,Rui Costa Pimenta,eligible,2026-09-11,2026-10-04,https://www.tse.jus.br/comunicacao/noticias/2026/Setembro/eleicoes-2026-tem-12-candidaturas-na-disputa-pela-presidencia-da-republica,Cédula final validada pelo TSE
2026,Samara Martins,eligible,2026-09-11,2026-10-04,https://www.tse.jus.br/comunicacao/noticias/2026/Setembro/eleicoes-2026-tem-12-candidaturas-na-disputa-pela-presidencia-da-republica,Cédula final validada pelo TSE
2026,Romeu Zema,eligible,2026-09-11,2026-10-04,https://www.tse.jus.br/comunicacao/noticias/2026/Setembro/eleicoes-2026-tem-12-candidaturas-na-disputa-pela-presidencia-da-republica,Cédula final validada pelo TSE
2026,Hertz Dias,eligible,2026-09-11,2026-10-04,https://www.tse.jus.br/comunicacao/noticias/2026/Setembro/eleicoes-2026-tem-12-candidaturas-na-disputa-pela-presidencia-da-republica,Cédula final validada pelo TSE
2026,Edmilson Costa,eligible,2026-09-11,2026-10-04,https://www.tse.jus.br/comunicacao/noticias/2026/Setembro/eleicoes-2026-tem-12-candidaturas-na-disputa-pela-presidencia-da-republica,Cédula final validada pelo TSE
2026,Renan Santos,eligible,2026-09-11,2026-10-04,https://www.tse.jus.br/comunicacao/noticias/2026/Setembro/eleicoes-2026-tem-12-candidaturas-na-disputa-pela-presidencia-da-republica,Cédula final validada pelo TSE
2026,Wilson Grassi,eligible,2026-09-11,2026-10-04,https://www.tse.jus.br/comunicacao/noticias/2026/Setembro/eleicoes-2026-tem-12-candidaturas-na-disputa-pela-presidencia-da-republica,Cédula final validada pelo TSE
2026,Clariana Barão,eligible,2026-09-11,2026-10-04,https://www.tse.jus.br/comunicacao/noticias/2026/Setembro/eleicoes-2026-tem-12-candidaturas-na-disputa-pela-presidencia-da-republica,Cédula final validada pelo TSE
2026,Augusto Cury,eligible,2026-09-11,2026-10-04,https://www.tse.jus.br/comunicacao/noticias/2026/Setembro/eleicoes-2026-tem-12-candidaturas-na-disputa-pela-presidencia-da-republica,Cédula final validada pelo TSE
