ano,sigla_uf,cargo,data,instituto,quantidade_entrevistas,margem_mais,tipo,turno,tipo_voto,id_pesquisa,id_cenario,nome_candidato,condicao,percentual,source_url,source
2018,,presidente,2018-09-24,Ibope,2506.0,2.0,estimulada,1,Votos Totais,BR-06630/2018,cenário estimulado - 1º turno,Alvaro Dias,0,2.0,https://raw.githubusercontent.com/pindograma/pesquisas/master/data/poder360/all.csv,Poder360 via Pindograma (project cache)
2018,,presidente,2018-09-24,Ibope,2506.0,2.0,estimulada,1,Votos Totais,BR-06630/2018,cenário estimulado - 1º turno,Bolsonaro,0,28.0,https://raw.githubusercontent.com/pindograma/pesquisas/master/data/poder360/all.csv,Poder360 via Pindograma (project cache)
2018,,presidente,2018-09-24,Ibope,2506.0,2.0,estimulada,1,Votos Totais,BR-06630/2018,cenário estimulado - 1º turno,Cabo Daciolo,0,0.0,https://raw.githubusercontent.com/pindograma/pesquisas/master/data/poder360/all.csv,Poder360 via Pindograma (project cache)
2018,,presidente,2018-09-24,Ibope,2506.0,2.0,estimulada,1,Votos Totais,BR-06630/2018,cenário estimulado - 1º turno,Ciro Gomes,0,11.0,https://raw.githubusercontent.com/pindograma/pesquisas/master/data/poder360/all.csv,Poder360 via Pindograma (project cache)
2018,,presidente,2018-09-24,Ibope,2506.0,2.0,estimulada,1,Votos Totais,BR-06630/2018,cenário estimulado - 1º turno,Eymael,0,0.0,https://raw.githubusercontent.com/pindograma/pesquisas/master/data/poder360/all.csv,Poder360 via Pindograma (project cache)
2018,,presidente,2018-09-24,Ibope,2506.0,2.0,estimulada,1,Votos Totais,BR-06630/2018,cenário estimulado - 1º turno,Fernando Haddad,0,22.0,https://raw.githubusercontent.com/pindograma/pesquisas/master/data/poder360/all.csv,Poder360 via Pindograma (project cache)
2018,,presidente,2018-09-24,Ibope,2506.0,2.0,estimulada,1,Votos Totais,BR-06630/2018,cenário estimulado - 1º turno,Geraldo Alckmin,0,8.0,https://raw.githubusercontent.com/pindograma/pesquisas/master/data/poder360/all.csv,Poder360 via Pindograma (project cache)
2018,,presidente,2018-09-24,Ibope,2506.0,2.0,estimulada,1,Votos Totais,BR-06630/2018,cenário estimulado - 1º turno,Guilherme Boulos,0,1.0,https://raw.githubusercontent.com/pindograma/pesquisas/master/data/poder360/all.csv,Poder360 via Pindograma (project cache)
2018,,presidente,2018-09-24,Ibope,2506.0,2.0,estimulada,1,Votos Totais,BR-06630/2018,cenário estimulado - 1º turno,Henrique Meirelles,0,2.0,https://raw.githubusercontent.com/pindograma/pesquisas/master/data/poder360/all.csv,Poder360 via Pindograma (project cache)
2018,,presidente,2018-09-24,Ibope,2506.0,2.0,estimulada,1,Votos Totais,BR-06630/2018,cenário estimulado - 1º turno,João Amoêdo,0,3.0,https://raw.githubusercontent.com/pindograma/pesquisas/master/data/poder360/all.csv,Poder360 via Pindograma (project cache)
2018,,presidente,2018-09-24,Ibope,2506.0,2.0,estimulada,1,Votos Totais,BR-06630/2018,cenário estimulado - 1º turno,João Goulart Filho,0,0.0,https://raw.githubusercontent.com/pindograma/pesquisas/master/data/poder360/all.csv,Poder360 via Pindograma (project cache)
2018,,presidente,2018-09-24,Ibope,2506.0,2.0,estimulada,1,Votos Totais,BR-06630/2018,cenário estimulado - 1º turno,Marina Silva,0,5.0,https://raw.githubusercontent.com/pindograma/pesquisas/master/data/poder360/all.csv,Poder360 via Pindograma (project cache)
2018,,presidente,2018-09-24,Ibope,2506.0,2.0,estimulada,1,Votos Totais,BR-06630/2018,cenário estimulado - 1º turno,Vera Lúcia,0,0.0,https://raw.githubusercontent.com/pindograma/pesquisas/master/data/poder360/all.csv,Poder360 via Pindograma (project cache)
2018,,presidente,2018-09-24,Sensus,2000.0,2.2,estimulada,1,Votos Totais,BR-02407/2018,cenário estimulado - 1º turno,Alvaro Dias,0,1.7,https://raw.githubusercontent.com/pindograma/pesquisas/master/data/poder360/all.csv,Poder360 via Pindograma (project cache)
2018,,presidente,2018-09-24,Sensus,2000.0,2.2,estimulada,1,Votos Totais,BR-02407/2018,cenário estimulado - 1º turno,Bolsonaro,0,30.6,https://raw.githubusercontent.com/pindograma/pesquisas/master/data/poder360/all.csv,Poder360 via Pindograma (project cache)
2018,,presidente,2018-09-24,Sensus,2000.0,2.2,estimulada,1,Votos Totais,BR-02407/2018,cenário estimulado - 1º turno,Cabo Daciolo,0,0.6,https://raw.githubusercontent.com/pindograma/pesquisas/master/data/poder360/all.csv,Poder360 via Pindograma (project cache)
2018,,presidente,2018-09-24,Sensus,2000.0,2.2,estimulada,1,Votos Totais,BR-02407/2018,cenário estimulado - 1º turno,Ciro Gomes,0,7.7,https://raw.githubusercontent.com/pindograma/pesquisas/master/data/poder360/all.csv,Poder360 via Pindograma (project cache)
2018,,presidente,2018-09-24,Sensus,2000.0,2.2,estimulada,1,Votos Totais,BR-02407/2018,cenário estimulado - 1º turno,Fernando Haddad,0,24.5,https://raw.githubusercontent.com/pindograma/pesquisas/master/data/poder360/all.csv,Poder360 via Pindograma (project cache)
2018,,presidente,2018-09-24,Sensus,2000.0,2.2,estimulada,1,Votos Totais,BR-02407/2018,cenário estimulado - 1º turno,Geraldo Alckmin,0,5.6,https://raw.githubusercontent.com/pindograma/pesquisas/master/data/poder360/all.csv,Poder360 via Pindograma (project cache)
2018,,presidente,2018-09-24,Sensus,2000.0,2.2,estimulada,1,Votos Totais,BR-02407/2018,cenário estimulado - 1º turno,Guilherme Boulos,0,0.7,https://raw.githubusercontent.com/pindograma/pesquisas/master/data/poder360/all.csv,Poder360 via Pindograma (project cache)
2018,,presidente,2018-09-24,Sensus,2000.0,2.2,estimulada,1,Votos Totais,BR-02407/2018,cenário estimulado - 1º turno,Henrique Meirelles,0,1.6,https://raw.githubusercontent.com/pindograma/pesquisas/master/data/poder360/all.csv,Poder360 via Pindograma (project cache)
2018,,presidente,2018-09-24,Sensus,2000.0,2.2,estimulada,1,Votos Totais,BR-02407/2018,cenário estimulado - 1º turno,João Amoêdo,0,1.9,https://raw.githubusercontent.com/pindograma/pesquisas/master/data/poder360/all.csv,Poder360 via Pindograma (project cache)
2018,,presidente,2018-09-24,Sensus,2000.0,2.2,estimulada,1,Votos Totais,BR-02407/2018,cenário estimulado - 1º turno,Marina Silva,0,2.7,https://raw.githubusercontent.com/pindograma/pesquisas/master/data/poder360/all.csv,Poder360 via Pindograma (project cache)
2018,,presidente,2018-09-25,Paraná Pesquisas,2020.0,2.0,estimulada,1,Votos Totais,BR-03512/2018,cenário estimulado - 1º turno,Alvaro Dias,0,1.9,https://raw.githubusercontent.com/pindograma/pesquisas/master/data/poder360/all.csv,Poder360 via Pindograma (project cache)
2018,,presidente,2018-09-25,Paraná Pesquisas,2020.0,2.0,estimulada,1,Votos Totais,BR-03512/2018,cenário estimulado - 1º turno,Bolsonaro,0,31.2,https://raw.githubusercontent.com/pindograma/pesquisas/master/data/poder360/all.csv,Poder360 via Pindograma (project cache)
2018,,presidente,2018-09-25,Paraná Pesquisas,2020.0,2.0,estimulada,1,Votos Totais,BR-03512/2018,cenário estimulado - 1º turno,Cabo Daciolo,0,0.3,https://raw.githubusercontent.com/pindograma/pesquisas/master/data/poder360/all.csv,Poder360 via Pindograma (project cache)
2018,,presidente,2018-09-25,Paraná Pesquisas,2020.0,2.0,estimulada,1,Votos Totais,BR-03512/2018,cenário estimulado - 1º turno,Ciro Gomes,0,10.1,https://raw.githubusercontent.com/pindograma/pesquisas/master/data/poder360/all.csv,Poder360 via Pindograma (project cache)
2018,,presidente,2018-09-25,Paraná Pesquisas,2020.0,2.0,estimulada,1,Votos Totais,BR-03512/2018,cenário estimulado - 1º turno,Eymael,0,0.1,https://raw.githubusercontent.com/pindograma/pesquisas/master/data/poder360/all.csv,Poder360 via Pindograma (project cache)
2018,,presidente,2018-09-25,Paraná Pesquisas,2020.0,2.0,estimulada,1,Votos Totais,BR-03512/2018,cenário estimulado - 1º turno,Fernando Haddad,0,20.2,https://raw.githubusercontent.com/pindograma/pesquisas/master/data/poder360/all.csv,Poder360 via Pindograma (project cache)
2018,,presidente,2018-09-25,Paraná Pesquisas,2020.0,2.0,estimulada,1,Votos Totais,BR-03512/2018,cenário estimulado - 1º turno,Geraldo Alckmin,0,7.6,https://raw.githubusercontent.com/pindograma/pesquisas/master/data/poder360/all.csv,Poder360 via Pindograma (project cache)
2018,,presidente,2018-09-25,Paraná Pesquisas,2020.0,2.0,estimulada,1,Votos Totais,BR-03512/2018,cenário estimulado - 1º turno,Guilherme Boulos,0,0.4,https://raw.githubusercontent.com/pindograma/pesquisas/master/data/poder360/all.csv,Poder360 via Pindograma (project cache)
2018,,presidente,2018-09-25,Paraná Pesquisas,2020.0,2.0,estimulada,1,Votos Totais,BR-03512/2018,cenário estimulado - 1º turno,Henrique Meirelles,0,1.3,https://raw.githubusercontent.com/pindograma/pesquisas/master/data/poder360/all.csv,Poder360 via Pindograma (project cache)
2018,,presidente,2018-09-25,Paraná Pesquisas,2020.0,2.0,estimulada,1,Votos Totais,BR-03512/2018,cenário estimulado - 1º turno,João Amoêdo,0,3.8,https://raw.githubusercontent.com/pindograma/pesquisas/master/data/poder360/all.csv,Poder360 via Pindograma (project cache)
2018,,presidente,2018-09-25,Paraná Pesquisas,2020.0,2.0,estimulada,1,Votos Totais,BR-03512/2018,cenário estimulado - 1º turno,João Goulart Filho,0,0.1,https://raw.githubusercontent.com/pindograma/pesquisas/master/data/poder360/all.csv,Poder360 via Pindograma (project cache)
2018,,presidente,2018-09-25,Paraná Pesquisas,2020.0,2.0,estimulada,1,Votos Totais,BR-03512/2018,cenário estimulado - 1º turno,Marina Silva,0,4.3,https://raw.githubusercontent.com/pindograma/pesquisas/master/data/poder360/all.csv,Poder360 via Pindograma (project cache)
2018,,presidente,2018-09-25,Paraná Pesquisas,2020.0,2.0,estimulada,1,Votos Totais,BR-03512/2018,cenário estimulado - 1º turno,Vera Lúcia,0,0.3,https://raw.githubusercontent.com/pindograma/pesquisas/master/data/poder360/all.csv,Poder360 via Pindograma (project cache)
2018,,presidente,2018-09-26,Ibope,2000.0,2.0,estimulada,1,Votos Totais,BR-04669/2018,cenário estimulado - 1º turno,Alvaro Dias,0,2.0,https://raw.githubusercontent.com/pindograma/pesquisas/master/data/poder360/all.csv,Poder360 via Pindograma (project cache)
2018,,presidente,2018-09-26,Ibope,2000.0,2.0,estimulada,1,Votos Totais,BR-04669/2018,cenário estimulado - 1º turno,Bolsonaro,0,27.0,https://raw.githubusercontent.com/pindograma/pesquisas/master/data/poder360/all.csv,Poder360 via Pindograma (project cache)
2018,,presidente,2018-09-26,Ibope,2000.0,2.0,estimulada,1,Votos Totais,BR-04669/2018,cenário estimulado - 1º turno,Cabo Daciolo,0,0.0,https://raw.githubusercontent.com/pindograma/pesquisas/master/data/poder360/all.csv,Poder360 via Pindograma (project cache)
2018,,presidente,2018-09-26,Ibope,2000.0,2.0,estimulada,1,Votos Totais,BR-04669/2018,cenário estimulado - 1º turno,Ciro Gomes,0,12.0,https://raw.githubusercontent.com/pindograma/pesquisas/master/data/poder360/all.csv,Poder360 via Pindograma (project cache)
2018,,presidente,2018-09-26,Ibope,2000.0,2.0,estimulada,1,Votos Totais,BR-04669/2018,cenário estimulado - 1º turno,Eymael,0,0.0,https://raw.githubusercontent.com/pindograma/pesquisas/master/data/poder360/all.csv,Poder360 via Pindograma (project cache)
2018,,presidente,2018-09-26,Ibope,2000.0,2.0,estimulada,1,Votos Totais,BR-04669/2018,cenário estimulado - 1º turno,Fernando Haddad,0,21.0,https://raw.githubusercontent.com/pindograma/pesquisas/master/data/poder360/all.csv,Poder360 via Pindograma (project cache)
2018,,presidente,2018-09-26,Ibope,2000.0,2.0,estimulada,1,Votos Totais,BR-04669/2018,cenário estimulado - 1º turno,Geraldo Alckmin,0,8.0,https://raw.githubusercontent.com/pindograma/pesquisas/master/data/poder360/all.csv,Poder360 via Pindograma (project cache)
2018,,presidente,2018-09-26,Ibope,2000.0,2.0,estimulada,1,Votos Totais,BR-04669/2018,cenário estimulado - 1º turno,Guilherme Boulos,0,1.0,https://raw.githubusercontent.com/pindograma/pesquisas/master/data/poder360/all.csv,Poder360 via Pindograma (project cache)
2018,,presidente,2018-09-26,Ibope,2000.0,2.0,estimulada,1,Votos Totais,BR-04669/2018,cenário estimulado - 1º turno,Henrique Meirelles,0,2.0,https://raw.githubusercontent.com/pindograma/pesquisas/master/data/poder360/all.csv,Poder360 via Pindograma (project cache)
2018,,presidente,2018-09-26,Ibope,2000.0,2.0,estimulada,1,Votos Totais,BR-04669/2018,cenário estimulado - 1º turno,João Amoêdo,0,3.0,https://raw.githubusercontent.com/pindograma/pesquisas/master/data/poder360/all.csv,Poder360 via Pindograma (project cache)
2018,,presidente,2018-09-26,Ibope,2000.0,2.0,estimulada,1,Votos Totais,BR-04669/2018,cenário estimulado - 1º turno,João Goulart Filho,0,0.0,https://raw.githubusercontent.com/pindograma/pesquisas/master/data/poder360/all.csv,Poder360 via Pindograma (project cache)
2018,,presidente,2018-09-26,Ibope,2000.0,2.0,estimulada,1,Votos Totais,BR-04669/2018,cenário estimulado - 1º turno,Marina Silva,0,6.0,https://raw.githubusercontent.com/pindograma/pesquisas/master/data/poder360/all.csv,Poder360 via Pindograma (project cache)
2018,,presidente,2018-09-26,Ibope,2000.0,2.0,estimulada,1,Votos Totais,BR-04669/2018,cenário estimulado - 1º turno,Vera Lúcia,0,0.0,https://raw.githubusercontent.com/pindograma/pesquisas/master/data/poder360/all.csv,Poder360 via Pindograma (project cache)
2018,,presidente,2018-09-26,Ipespe,2000.0,2.2,estimulada,1,Votos Totais,BR-00526/2018,1º turno - estimulado,Alvaro Dias,0,2.0,https://raw.githubusercontent.com/pindograma/pesquisas/master/data/poder360/all.csv,Poder360 via Pindograma (project cache)
2018,,presidente,2018-09-26,Ipespe,2000.0,2.2,estimulada,1,Votos Totais,BR-00526/2018,1º turno - estimulado,Bolsonaro,0,28.0,https://raw.githubusercontent.com/pindograma/pesquisas/master/data/poder360/all.csv,Poder360 via Pindograma (project cache)
2018,,presidente,2018-09-26,Ipespe,2000.0,2.2,estimulada,1,Votos Totais,BR-00526/2018,1º turno - estimulado,Cabo Daciolo,0,1.0,https://raw.githubusercontent.com/pindograma/pesquisas/master/data/poder360/all.csv,Poder360 via Pindograma (project cache)
2018,,presidente,2018-09-26,Ipespe,2000.0,2.2,estimulada,1,Votos Totais,BR-00526/2018,1º turno - estimulado,Ciro Gomes,0,11.0,https://raw.githubusercontent.com/pindograma/pesquisas/master/data/poder360/all.csv,Poder360 via Pindograma (project cache)
2018,,presidente,2018-09-26,Ipespe,2000.0,2.2,estimulada,1,Votos Totais,BR-00526/2018,1º turno - estimulado,Eymael,0,0.0,https://raw.githubusercontent.com/pindograma/pesquisas/master/data/poder360/all.csv,Poder360 via Pindograma (project cache)
2018,,presidente,2018-09-26,Ipespe,2000.0,2.2,estimulada,1,Votos Totais,BR-00526/2018,1º turno - estimulado,Fernando Haddad,0,21.0,https://raw.githubusercontent.com/pindograma/pesquisas/master/data/poder360/all.csv,Poder360 via Pindograma (project cache)
2018,,presidente,2018-09-26,Ipespe,2000.0,2.2,estimulada,1,Votos Totais,BR-00526/2018,1º turno - estimulado,Geraldo Alckmin,0,8.0,https://raw.githubusercontent.com/pindograma/pesquisas/master/data/poder360/all.csv,Poder360 via Pindograma (project cache)
2018,,presidente,2018-09-26,Ipespe,2000.0,2.2,estimulada,1,Votos Totais,BR-00526/2018,1º turno - estimulado,Guilherme Boulos,0,0.0,https://raw.githubusercontent.com/pindograma/pesquisas/master/data/poder360/all.csv,Poder360 via Pindograma (project cache)
2018,,presidente,2018-09-26,Ipespe,2000.0,2.2,estimulada,1,Votos Totais,BR-00526/2018,1º turno - estimulado,Henrique Meirelles,0,2.0,https://raw.githubusercontent.com/pindograma/pesquisas/master/data/poder360/all.csv,Poder360 via Pindograma (project cache)
2018,,presidente,2018-09-26,Ipespe,2000.0,2.2,estimulada,1,Votos Totais,BR-00526/2018,1º turno - estimulado,João Amoêdo,0,3.0,https://raw.githubusercontent.com/pindograma/pesquisas/master/data/poder360/all.csv,Poder360 via Pindograma (project cache)
2018,,presidente,2018-09-26,Ipespe,2000.0,2.2,estimulada,1,Votos Totais,BR-00526/2018,1º turno - estimulado,Marina Silva,0,5.0,https://raw.githubusercontent.com/pindograma/pesquisas/master/data/poder360/all.csv,Poder360 via Pindograma (project cache)
2018,,presidente,2018-09-26,Ipespe,2000.0,2.2,estimulada,1,Votos Totais,BR-00526/2018,1º turno - estimulado,Vera Lúcia,0,0.0,https://raw.githubusercontent.com/pindograma/pesquisas/master/data/poder360/all.csv,Poder360 via Pindograma (project cache)
2018,,presidente,2018-09-26,Virtu Análise,1000.0,3.5,estimulada,1,Votos Totais,BR-00592/2018,cenário estimulado - 1º turno,Alvaro Dias,0,3.0,https://raw.githubusercontent.com/pindograma/pesquisas/master/data/poder360/all.csv,Poder360 via Pindograma (project cache)
2018,,presidente,2018-09-26,Virtu Análise,1000.0,3.5,estimulada,1,Votos Totais,BR-00592/2018,cenário estimulado - 1º turno,Bolsonaro,0,27.0,https://raw.githubusercontent.com/pindograma/pesquisas/master/data/poder360/all.csv,Poder360 via Pindograma (project cache)
2018,,presidente,2018-09-26,Virtu Análise,1000.0,3.5,estimulada,1,Votos Totais,BR-00592/2018,cenário estimulado - 1º turno,Cabo Daciolo,0,2.0,https://raw.githubusercontent.com/pindograma/pesquisas/master/data/poder360/all.csv,Poder360 via Pindograma (project cache)
2018,,presidente,2018-09-26,Virtu Análise,1000.0,3.5,estimulada,1,Votos Totais,BR-00592/2018,cenário estimulado - 1º turno,Ciro Gomes,0,8.0,https://raw.githubusercontent.com/pindograma/pesquisas/master/data/poder360/all.csv,Poder360 via Pindograma (project cache)
2018,,presidente,2018-09-26,Virtu Análise,1000.0,3.5,estimulada,1,Votos Totais,BR-00592/2018,cenário estimulado - 1º turno,Eymael,0,0.0,https://raw.githubusercontent.com/pindograma/pesquisas/master/data/poder360/all.csv,Poder360 via Pindograma (project cache)
2018,,presidente,2018-09-26,Virtu Análise,1000.0,3.5,estimulada,1,Votos Totais,BR-00592/2018,cenário estimulado - 1º turno,Fernando Haddad,0,22.0,https://raw.githubusercontent.com/pindograma/pesquisas/master/data/poder360/all.csv,Poder360 via Pindograma (project cache)
2018,,presidente,2018-09-26,Virtu Análise,1000.0,3.5,estimulada,1,Votos Totais,BR-00592/2018,cenário estimulado - 1º turno,Geraldo Alckmin,0,10.0,https://raw.githubusercontent.com/pindograma/pesquisas/master/data/poder360/all.csv,Poder360 via Pindograma (project cache)
2018,,presidente,2018-09-26,Virtu Análise,1000.0,3.5,estimulada,1,Votos Totais,BR-00592/2018,cenário estimulado - 1º turno,Guilherme Boulos,0,1.0,https://raw.githubusercontent.com/pindograma/pesquisas/master/data/poder360/all.csv,Poder360 via Pindograma (project cache)
2018,,presidente,2018-09-26,Virtu Análise,1000.0,3.5,estimulada,1,Votos Totais,BR-00592/2018,cenário estimulado - 1º turno,Henrique Meirelles,0,2.0,https://raw.githubusercontent.com/pindograma/pesquisas/master/data/poder360/all.csv,Poder360 via Pindograma (project cache)
2018,,presidente,2018-09-26,Virtu Análise,1000.0,3.5,estimulada,1,Votos Totais,BR-00592/2018,cenário estimulado - 1º turno,João Amoêdo,0,3.0,https://raw.githubusercontent.com/pindograma/pesquisas/master/data/poder360/all.csv,Poder360 via Pindograma (project cache)
2018,,presidente,2018-09-26,Virtu Análise,1000.0,3.5,estimulada,1,Votos Totais,BR-00592/2018,cenário estimulado - 1º turno,João Goulart Filho,0,1.0,https://raw.githubusercontent.com/pindograma/pesquisas/master/data/poder360/all.csv,Poder360 via Pindograma (project cache)
2018,,presidente,2018-09-26,Virtu Análise,1000.0,3.5,estimulada,1,Votos Totais,BR-00592/2018,cenário estimulado - 1º turno,Marina Silva,0,5.0,https://raw.githubusercontent.com/pindograma/pesquisas/master/data/poder360/all.csv,Poder360 via Pindograma (project cache)
2018,,presidente,2018-09-26,Virtu Análise,1000.0,3.5,estimulada,1,Votos Totais,BR-00592/2018,cenário estimulado - 1º turno,Vera Lúcia,0,0.0,https://raw.githubusercontent.com/pindograma/pesquisas/master/data/poder360/all.csv,Poder360 via Pindograma (project cache)
2018,,presidente,2018-09-28,Datafolha,9000.0,2.0,estimulada,1,Votos Totais,BR-08687/2018,1º turno - estimulado,Alvaro Dias,0,2.0,https://raw.githubusercontent.com/pindograma/pesquisas/master/data/poder360/all.csv,Poder360 via Pindograma (project cache)
2018,,presidente,2018-09-28,Datafolha,9000.0,2.0,estimulada,1,Votos Totais,BR-08687/2018,1º turno - estimulado,Bolsonaro,0,28.0,https://raw.githubusercontent.com/pindograma/pesquisas/master/data/poder360/all.csv,Poder360 via Pindograma (project cache)
2018,,presidente,2018-09-28,Datafolha,9000.0,2.0,estimulada,1,Votos Totais,BR-08687/2018,1º turno - estimulado,Cabo Daciolo,0,1.0,https://raw.githubusercontent.com/pindograma/pesquisas/master/data/poder360/all.csv,Poder360 via Pindograma (project cache)
2018,,presidente,2018-09-28,Datafolha,9000.0,2.0,estimulada,1,Votos Totais,BR-08687/2018,1º turno - estimulado,Ciro Gomes,0,11.0,https://raw.githubusercontent.com/pindograma/pesquisas/master/data/poder360/all.csv,Poder360 via Pindograma (project cache)
2018,,presidente,2018-09-28,Datafolha,9000.0,2.0,estimulada,1,Votos Totais,BR-08687/2018,1º turno - estimulado,Eymael,0,0.0,https://raw.githubusercontent.com/pindograma/pesquisas/master/data/poder360/all.csv,Poder360 via Pindograma (project cache)
2018,,presidente,2018-09-28,Datafolha,9000.0,2.0,estimulada,1,Votos Totais,BR-08687/2018,1º turno - estimulado,Fernando Haddad,0,22.0,https://raw.githubusercontent.com/pindograma/pesquisas/master/data/poder360/all.csv,Poder360 via Pindograma (project cache)
2018,,presidente,2018-09-28,Datafolha,9000.0,2.0,estimulada,1,Votos Totais,BR-08687/2018,1º turno - estimulado,Geraldo Alckmin,0,10.0,https://raw.githubusercontent.com/pindograma/pesquisas/master/data/poder360/all.csv,Poder360 via Pindograma (project cache)
2018,,presidente,2018-09-28,Datafolha,9000.0,2.0,estimulada,1,Votos Totais,BR-08687/2018,1º turno - estimulado,Guilherme Boulos,0,1.0,https://raw.githubusercontent.com/pindograma/pesquisas/master/data/poder360/all.csv,Poder360 via Pindograma (project cache)
2018,,presidente,2018-09-28,Datafolha,9000.0,2.0,estimulada,1,Votos Totais,BR-08687/2018,1º turno - estimulado,Henrique Meirelles,0,2.0,https://raw.githubusercontent.com/pindograma/pesquisas/master/data/poder360/all.csv,Poder360 via Pindograma (project cache)
2018,,presidente,2018-09-28,Datafolha,9000.0,2.0,estimulada,1,Votos Totais,BR-08687/2018,1º turno - estimulado,João Amoêdo,0,3.0,https://raw.githubusercontent.com/pindograma/pesquisas/master/data/poder360/all.csv,Poder360 via Pindograma (project cache)
2018,,presidente,2018-09-28,Datafolha,9000.0,2.0,estimulada,1,Votos Totais,BR-08687/2018,1º turno - estimulado,João Goulart Filho,0,0.0,https://raw.githubusercontent.com/pindograma/pesquisas/master/data/poder360/all.csv,Poder360 via Pindograma (project cache)
2018,,presidente,2018-09-28,Datafolha,9000.0,2.0,estimulada,1,Votos Totais,BR-08687/2018,1º turno - estimulado,Marina Silva,0,5.0,https://raw.githubusercontent.com/pindograma/pesquisas/master/data/poder360/all.csv,Poder360 via Pindograma (project cache)
2018,,presidente,2018-09-28,Datafolha,9000.0,2.0,estimulada,1,Votos Totais,BR-08687/2018,1º turno - estimulado,Vera Lúcia,0,1.0,https://raw.githubusercontent.com/pindograma/pesquisas/master/data/poder360/all.csv,Poder360 via Pindograma (project cache)
2018,,presidente,2018-09-29,MDA,2002.0,2.2,estimulada,1,Votos Totais,BR-03303/2018,1º turno - estimulada,Alvaro Dias,0,1.7,https://raw.githubusercontent.com/pindograma/pesquisas/master/data/poder360/all.csv,Poder360 via Pindograma (project cache)
2018,,presidente,2018-09-29,MDA,2002.0,2.2,estimulada,1,Votos Totais,BR-03303/2018,1º turno - estimulada,Bolsonaro,0,28.2,https://raw.githubusercontent.com/pindograma/pesquisas/master/data/poder360/all.csv,Poder360 via Pindograma (project cache)
2018,,presidente,2018-09-29,MDA,2002.0,2.2,estimulada,1,Votos Totais,BR-03303/2018,1º turno - estimulada,Cabo Daciolo,0,0.7,https://raw.githubusercontent.com/pindograma/pesquisas/master/data/poder360/all.csv,Poder360 via Pindograma (project cache)
2018,,presidente,2018-09-29,MDA,2002.0,2.2,estimulada,1,Votos Totais,BR-03303/2018,1º turno - estimulada,Ciro Gomes,0,9.4,https://raw.githubusercontent.com/pindograma/pesquisas/master/data/poder360/all.csv,Poder360 via Pindograma (project cache)
2018,,presidente,2018-09-29,MDA,2002.0,2.2,estimulada,1,Votos Totais,BR-03303/2018,1º turno - estimulada,Eymael,0,0.1,https://raw.githubusercontent.com/pindograma/pesquisas/master/data/poder360/all.csv,Poder360 via Pindograma (project cache)
2018,,presidente,2018-09-29,MDA,2002.0,2.2,estimulada,1,Votos Totais,BR-03303/2018,1º turno - estimulada,Fernando Haddad,0,25.2,https://raw.githubusercontent.com/pindograma/pesquisas/master/data/poder360/all.csv,Poder360 via Pindograma (project cache)
2018,,presidente,2018-09-29,MDA,2002.0,2.2,estimulada,1,Votos Totais,BR-03303/2018,1º turno - estimulada,Geraldo Alckmin,0,7.3,https://raw.githubusercontent.com/pindograma/pesquisas/master/data/poder360/all.csv,Poder360 via Pindograma (project cache)
2018,,presidente,2018-09-29,MDA,2002.0,2.2,estimulada,1,Votos Totais,BR-03303/2018,1º turno - estimulada,Guilherme Boulos,0,0.4,https://raw.githubusercontent.com/pindograma/pesquisas/master/data/poder360/all.csv,Poder360 via Pindograma (project cache)
2018,,presidente,2018-09-29,MDA,2002.0,2.2,estimulada,1,Votos Totais,BR-03303/2018,1º turno - estimulada,Henrique Meirelles,0,2.0,https://raw.githubusercontent.com/pindograma/pesquisas/master/data/poder360/all.csv,Poder360 via Pindograma (project cache)
2018,,presidente,2018-09-29,MDA,2002.0,2.2,estimulada,1,Votos Totais,BR-03303/2018,1º turno - estimulada,João Amoêdo,0,2.0,https://raw.githubusercontent.com/pindograma/pesquisas/master/data/poder360/all.csv,Poder360 via Pindograma (project cache)
2018,,presidente,2018-09-29,MDA,2002.0,2.2,estimulada,1,Votos Totais,BR-03303/2018,1º turno - estimulada,João Goulart Filho,0,0.1,https://raw.githubusercontent.com/pindograma/pesquisas/master/data/poder360/all.csv,Poder360 via Pindograma (project cache)
2018,,presidente,2018-09-29,MDA,2002.0,2.2,estimulada,1,Votos Totais,BR-03303/2018,1º turno - estimulada,Marina Silva,0,2.3,https://raw.githubusercontent.com/pindograma/pesquisas/master/data/poder360/all.csv,Poder360 via Pindograma (project cache)
2018,,presidente,2018-09-29,MDA,2002.0,2.2,estimulada,1,Votos Totais,BR-03303/2018,1º turno - estimulada,Vera Lúcia,0,0.3,https://raw.githubusercontent.com/pindograma/pesquisas/master/data/poder360/all.csv,Poder360 via Pindograma (project cache)
2018,,presidente,2018-09-29,Real Time Big Data,3200.0,2.0,estimulada,1,Votos Totais,BR-06928/2018,1º turno - estimulado,Alvaro Dias,0,2.0,https://raw.githubusercontent.com/pindograma/pesquisas/master/data/poder360/all.csv,Poder360 via Pindograma (project cache)
2018,,presidente,2018-09-29,Real Time Big Data,3200.0,2.0,estimulada,1,Votos Totais,BR-06928/2018,1º turno - estimulado,Bolsonaro,0,29.0,https://raw.githubusercontent.com/pindograma/pesquisas/master/data/poder360/all.csv,Poder360 via Pindograma (project cache)
2018,,presidente,2018-09-29,Real Time Big Data,3200.0,2.0,estimulada,1,Votos Totais,BR-06928/2018,1º turno - estimulado,Ciro Gomes,0,11.0,https://raw.githubusercontent.com/pindograma/pesquisas/master/data/poder360/all.csv,Poder360 via Pindograma (project cache)
2018,,presidente,2018-09-29,Real Time Big Data,3200.0,2.0,estimulada,1,Votos Totais,BR-06928/2018,1º turno - estimulado,Fernando Haddad,0,24.0,https://raw.githubusercontent.com/pindograma/pesquisas/master/data/poder360/all.csv,Poder360 via Pindograma (project cache)
2018,,presidente,2018-09-29,Real Time Big Data,3200.0,2.0,estimulada,1,Votos Totais,BR-06928/2018,1º turno - estimulado,Geraldo Alckmin,0,7.0,https://raw.githubusercontent.com/pindograma/pesquisas/master/data/poder360/all.csv,Poder360 via Pindograma (project cache)
2018,,presidente,2018-09-29,Real Time Big Data,3200.0,2.0,estimulada,1,Votos Totais,BR-06928/2018,1º turno - estimulado,Guilherme Boulos,0,0.0,https://raw.githubusercontent.com/pindograma/pesquisas/master/data/poder360/all.csv,Poder360 via Pindograma (project cache)
2018,,presidente,2018-09-29,Real Time Big Data,3200.0,2.0,estimulada,1,Votos Totais,BR-06928/2018,1º turno - estimulado,Henrique Meirelles,0,3.0,https://raw.githubusercontent.com/pindograma/pesquisas/master/data/poder360/all.csv,Poder360 via Pindograma (project cache)
2018,,presidente,2018-09-29,Real Time Big Data,3200.0,2.0,estimulada,1,Votos Totais,BR-06928/2018,1º turno - estimulado,João Amoêdo,0,3.0,https://raw.githubusercontent.com/pindograma/pesquisas/master/data/poder360/all.csv,Poder360 via Pindograma (project cache)
2018,,presidente,2018-09-29,Real Time Big Data,3200.0,2.0,estimulada,1,Votos Totais,BR-06928/2018,1º turno - estimulado,Marina Silva,0,5.0,https://raw.githubusercontent.com/pindograma/pesquisas/master/data/poder360/all.csv,Poder360 via Pindograma (project cache)
2018,,presidente,2018-09-29,Real Time Big Data,3200.0,2.0,estimulada,1,Votos Totais,BR-06928/2018,1º turno - estimulado,Outros,0,1.0,https://raw.githubusercontent.com/pindograma/pesquisas/master/data/poder360/all.csv,Poder360 via Pindograma (project cache)
2018,,presidente,2018-09-30,Nexus/FSB,2000.0,2.0,estimulada,1,Votos Totais,BR-05879/2018,cenário estimulado - 1º turno,Alvaro Dias,0,2.0,https://raw.githubusercontent.com/pindograma/pesquisas/master/data/poder360/all.csv,Poder360 via Pindograma (project cache)
2018,,presidente,2018-09-30,Nexus/FSB,2000.0,2.0,estimulada,1,Votos Totais,BR-05879/2018,cenário estimulado - 1º turno,Bolsonaro,0,31.0,https://raw.githubusercontent.com/pindograma/pesquisas/master/data/poder360/all.csv,Poder360 via Pindograma (project cache)
2018,,presidente,2018-09-30,Nexus/FSB,2000.0,2.0,estimulada,1,Votos Totais,BR-05879/2018,cenário estimulado - 1º turno,Ciro Gomes,0,9.0,https://raw.githubusercontent.com/pindograma/pesquisas/master/data/poder360/all.csv,Poder360 via Pindograma (project cache)
2018,,presidente,2018-09-30,Nexus/FSB,2000.0,2.0,estimulada,1,Votos Totais,BR-05879/2018,cenário estimulado - 1º turno,Fernando Haddad,0,24.0,https://raw.githubusercontent.com/pindograma/pesquisas/master/data/poder360/all.csv,Poder360 via Pindograma (project cache)
2018,,presidente,2018-09-30,Nexus/FSB,2000.0,2.0,estimulada,1,Votos Totais,BR-05879/2018,cenário estimulado - 1º turno,Geraldo Alckmin,0,11.0,https://raw.githubusercontent.com/pindograma/pesquisas/master/data/poder360/all.csv,Poder360 via Pindograma (project cache)
2018,,presidente,2018-09-30,Nexus/FSB,2000.0,2.0,estimulada,1,Votos Totais,BR-05879/2018,cenário estimulado - 1º turno,Henrique Meirelles,0,2.0,https://raw.githubusercontent.com/pindograma/pesquisas/master/data/poder360/all.csv,Poder360 via Pindograma (project cache)
2018,,presidente,2018-09-30,Nexus/FSB,2000.0,2.0,estimulada,1,Votos Totais,BR-05879/2018,cenário estimulado - 1º turno,João Amoêdo,0,5.0,https://raw.githubusercontent.com/pindograma/pesquisas/master/data/poder360/all.csv,Poder360 via Pindograma (project cache)
2018,,presidente,2018-09-30,Nexus/FSB,2000.0,2.0,estimulada,1,Votos Totais,BR-05879/2018,cenário estimulado - 1º turno,Marina Silva,0,4.0,https://raw.githubusercontent.com/pindograma/pesquisas/master/data/poder360/all.csv,Poder360 via Pindograma (project cache)
2018,,presidente,2018-09-30,Nexus/FSB,2000.0,2.0,estimulada,1,Votos Totais,BR-05879/2018,cenário estimulado - 1º turno,Outros,0,1.0,https://raw.githubusercontent.com/pindograma/pesquisas/master/data/poder360/all.csv,Poder360 via Pindograma (project cache)
2018,,presidente,2018-10-01,Ibope,3010.0,2.0,estimulada,1,Votos Totais,BR-08650/2018,1º turno - estimulado,Alvaro Dias,0,2.0,https://raw.githubusercontent.com/pindograma/pesquisas/master/data/poder360/all.csv,Poder360 via Pindograma (project cache)
2018,,presidente,2018-10-01,Ibope,3010.0,2.0,estimulada,1,Votos Totais,BR-08650/2018,1º turno - estimulado,Bolsonaro,0,31.0,https://raw.githubusercontent.com/pindograma/pesquisas/master/data/poder360/all.csv,Poder360 via Pindograma (project cache)
2018,,presidente,2018-10-01,Ibope,3010.0,2.0,estimulada,1,Votos Totais,BR-08650/2018,1º turno - estimulado,Cabo Daciolo,0,1.0,https://raw.githubusercontent.com/pindograma/pesquisas/master/data/poder360/all.csv,Poder360 via Pindograma (project cache)
2018,,presidente,2018-10-01,Ibope,3010.0,2.0,estimulada,1,Votos Totais,BR-08650/2018,1º turno - estimulado,Ciro Gomes,0,11.0,https://raw.githubusercontent.com/pindograma/pesquisas/master/data/poder360/all.csv,Poder360 via Pindograma (project cache)
2018,,presidente,2018-10-01,Ibope,3010.0,2.0,estimulada,1,Votos Totais,BR-08650/2018,1º turno - estimulado,Eymael,0,0.0,https://raw.githubusercontent.com/pindograma/pesquisas/master/data/poder360/all.csv,Poder360 via Pindograma (project cache)
2018,,presidente,2018-10-01,Ibope,3010.0,2.0,estimulada,1,Votos Totais,BR-08650/2018,1º turno - estimulado,Fernando Haddad,0,21.0,https://raw.githubusercontent.com/pindograma/pesquisas/master/data/poder360/all.csv,Poder360 via Pindograma (project cache)
2018,,presidente,2018-10-01,Ibope,3010.0,2.0,estimulada,1,Votos Totais,BR-08650/2018,1º turno - estimulado,Geraldo Alckmin,0,8.0,https://raw.githubusercontent.com/pindograma/pesquisas/master/data/poder360/all.csv,Poder360 via Pindograma (project cache)
2018,,presidente,2018-10-01,Ibope,3010.0,2.0,estimulada,1,Votos Totais,BR-08650/2018,1º turno - estimulado,Guilherme Boulos,0,0.0,https://raw.githubusercontent.com/pindograma/pesquisas/master/data/poder360/all.csv,Poder360 via Pindograma (project cache)
2018,,presidente,2018-10-01,Ibope,3010.0,2.0,estimulada,1,Votos Totais,BR-08650/2018,1º turno - estimulado,Henrique Meirelles,0,2.0,https://raw.githubusercontent.com/pindograma/pesquisas/master/data/poder360/all.csv,Poder360 via Pindograma (project cache)
2018,,presidente,2018-10-01,Ibope,3010.0,2.0,estimulada,1,Votos Totais,BR-08650/2018,1º turno - estimulado,João Amoêdo,0,3.0,https://raw.githubusercontent.com/pindograma/pesquisas/master/data/poder360/all.csv,Poder360 via Pindograma (project cache)
2018,,presidente,2018-10-01,Ibope,3010.0,2.0,estimulada,1,Votos Totais,BR-08650/2018,1º turno - estimulado,João Goulart Filho,0,0.0,https://raw.githubusercontent.com/pindograma/pesquisas/master/data/poder360/all.csv,Poder360 via Pindograma (project cache)
2018,,presidente,2018-10-01,Ibope,3010.0,2.0,estimulada,1,Votos Totais,BR-08650/2018,1º turno - estimulado,Marina Silva,0,4.0,https://raw.githubusercontent.com/pindograma/pesquisas/master/data/poder360/all.csv,Poder360 via Pindograma (project cache)
2018,,presidente,2018-10-01,Ibope,3010.0,2.0,estimulada,1,Votos Totais,BR-08650/2018,1º turno - estimulado,Vera Lúcia,0,0.0,https://raw.githubusercontent.com/pindograma/pesquisas/master/data/poder360/all.csv,Poder360 via Pindograma (project cache)
2018,,presidente,2018-10-02,Datafolha,3240.0,2.0,estimulada,1,Votos Totais,BR-03147/2018,cenário estimulado - 1º turno,Alvaro Dias,0,2.0,https://raw.githubusercontent.com/pindograma/pesquisas/master/data/poder360/all.csv,Poder360 via Pindograma (project cache)
2018,,presidente,2018-10-02,Datafolha,3240.0,2.0,estimulada,1,Votos Totais,BR-03147/2018,cenário estimulado - 1º turno,Bolsonaro,0,32.0,https://raw.githubusercontent.com/pindograma/pesquisas/master/data/poder360/all.csv,Poder360 via Pindograma (project cache)
2018,,presidente,2018-10-02,Datafolha,3240.0,2.0,estimulada,1,Votos Totais,BR-03147/2018,cenário estimulado - 1º turno,Cabo Daciolo,0,2.0,https://raw.githubusercontent.com/pindograma/pesquisas/master/data/poder360/all.csv,Poder360 via Pindograma (project cache)
2018,,presidente,2018-10-02,Datafolha,3240.0,2.0,estimulada,1,Votos Totais,BR-03147/2018,cenário estimulado - 1º turno,Ciro Gomes,0,11.0,https://raw.githubusercontent.com/pindograma/pesquisas/master/data/poder360/all.csv,Poder360 via Pindograma (project cache)
2018,,presidente,2018-10-02,Datafolha,3240.0,2.0,estimulada,1,Votos Totais,BR-03147/2018,cenário estimulado - 1º turno,Eymael,0,0.0,https://raw.githubusercontent.com/pindograma/pesquisas/master/data/poder360/all.csv,Poder360 via Pindograma (project cache)
2018,,presidente,2018-10-02,Datafolha,3240.0,2.0,estimulada,1,Votos Totais,BR-03147/2018,cenário estimulado - 1º turno,Fernando Haddad,0,21.0,https://raw.githubusercontent.com/pindograma/pesquisas/master/data/poder360/all.csv,Poder360 via Pindograma (project cache)
2018,,presidente,2018-10-02,Datafolha,3240.0,2.0,estimulada,1,Votos Totais,BR-03147/2018,cenário estimulado - 1º turno,Geraldo Alckmin,0,9.0,https://raw.githubusercontent.com/pindograma/pesquisas/master/data/poder360/all.csv,Poder360 via Pindograma (project cache)
2018,,presidente,2018-10-02,Datafolha,3240.0,2.0,estimulada,1,Votos Totais,BR-03147/2018,cenário estimulado - 1º turno,Guilherme Boulos,0,0.0,https://raw.githubusercontent.com/pindograma/pesquisas/master/data/poder360/all.csv,Poder360 via Pindograma (project cache)
2018,,presidente,2018-10-02,Datafolha,3240.0,2.0,estimulada,1,Votos Totais,BR-03147/2018,cenário estimulado - 1º turno,Henrique Meirelles,0,2.0,https://raw.githubusercontent.com/pindograma/pesquisas/master/data/poder360/all.csv,Poder360 via Pindograma (project cache)
2018,,presidente,2018-10-02,Datafolha,3240.0,2.0,estimulada,1,Votos Totais,BR-03147/2018,cenário estimulado - 1º turno,João Amoêdo,0,3.0,https://raw.githubusercontent.com/pindograma/pesquisas/master/data/poder360/all.csv,Poder360 via Pindograma (project cache)
2018,,presidente,2018-10-02,Datafolha,3240.0,2.0,estimulada,1,Votos Totais,BR-03147/2018,cenário estimulado - 1º turno,João Goulart Filho,0,0.0,https://raw.githubusercontent.com/pindograma/pesquisas/master/data/poder360/all.csv,Poder360 via Pindograma (project cache)
2018,,presidente,2018-10-02,Datafolha,3240.0,2.0,estimulada,1,Votos Totais,BR-03147/2018,cenário estimulado - 1º turno,Marina Silva,0,4.0,https://raw.githubusercontent.com/pindograma/pesquisas/master/data/poder360/all.csv,Poder360 via Pindograma (project cache)
2018,,presidente,2018-10-02,Datafolha,3240.0,2.0,estimulada,1,Votos Totais,BR-03147/2018,cenário estimulado - 1º turno,Vera Lúcia,0,0.0,https://raw.githubusercontent.com/pindograma/pesquisas/master/data/poder360/all.csv,Poder360 via Pindograma (project cache)
2018,,presidente,2018-10-03,Ibope,3010.0,2.0,estimulada,1,Votos Totais,BR-08245/2018,cenário estimulado  - 1º turno - válidos,Alvaro Dias,0,2.0,https://raw.githubusercontent.com/pindograma/pesquisas/master/data/poder360/all.csv,Poder360 via Pindograma (project cache)
2018,,presidente,2018-10-03,Ibope,3010.0,2.0,estimulada,1,Votos Totais,BR-08245/2018,cenário estimulado  - 1º turno - válidos,Bolsonaro,0,38.0,https://raw.githubusercontent.com/pindograma/pesquisas/master/data/poder360/all.csv,Poder360 via Pindograma (project cache)
2018,,presidente,2018-10-03,Ibope,3010.0,2.0,estimulada,1,Votos Totais,BR-08245/2018,cenário estimulado  - 1º turno - válidos,Cabo Daciolo,0,2.0,https://raw.githubusercontent.com/pindograma/pesquisas/master/data/poder360/all.csv,Poder360 via Pindograma (project cache)
2018,,presidente,2018-10-03,Ibope,3010.0,2.0,estimulada,1,Votos Totais,BR-08245/2018,cenário estimulado  - 1º turno - válidos,Ciro Gomes,0,12.0,https://raw.githubusercontent.com/pindograma/pesquisas/master/data/poder360/all.csv,Poder360 via Pindograma (project cache)
2018,,presidente,2018-10-03,Ibope,3010.0,2.0,estimulada,1,Votos Totais,BR-08245/2018,cenário estimulado  - 1º turno - válidos,Eymael,0,0.0,https://raw.githubusercontent.com/pindograma/pesquisas/master/data/poder360/all.csv,Poder360 via Pindograma (project cache)
2018,,presidente,2018-10-03,Ibope,3010.0,2.0,estimulada,1,Votos Totais,BR-08245/2018,cenário estimulado  - 1º turno - válidos,Fernando Haddad,0,28.0,https://raw.githubusercontent.com/pindograma/pesquisas/master/data/poder360/all.csv,Poder360 via Pindograma (project cache)
2018,,presidente,2018-10-03,Ibope,3010.0,2.0,estimulada,1,Votos Totais,BR-08245/2018,cenário estimulado  - 1º turno - válidos,Geraldo Alckmin,0,8.0,https://raw.githubusercontent.com/pindograma/pesquisas/master/data/poder360/all.csv,Poder360 via Pindograma (project cache)
2018,,presidente,2018-10-03,Ibope,3010.0,2.0,estimulada,1,Votos Totais,BR-08245/2018,cenário estimulado  - 1º turno - válidos,Guilherme Boulos,0,1.0,https://raw.githubusercontent.com/pindograma/pesquisas/master/data/poder360/all.csv,Poder360 via Pindograma (project cache)
2018,,presidente,2018-10-03,Ibope,3010.0,2.0,estimulada,1,Votos Totais,BR-08245/2018,cenário estimulado  - 1º turno - válidos,Henrique Meirelles,0,2.0,https://raw.githubusercontent.com/pindograma/pesquisas/master/data/poder360/all.csv,Poder360 via Pindograma (project cache)
2018,,presidente,2018-10-03,Ibope,3010.0,2.0,estimulada,1,Votos Totais,BR-08245/2018,cenário estimulado  - 1º turno - válidos,João Amoêdo,0,3.0,https://raw.githubusercontent.com/pindograma/pesquisas/master/data/poder360/all.csv,Poder360 via Pindograma (project cache)
2018,,presidente,2018-10-03,Ibope,3010.0,2.0,estimulada,1,Votos Totais,BR-08245/2018,cenário estimulado  - 1º turno - válidos,João Goulart Filho,0,0.0,https://raw.githubusercontent.com/pindograma/pesquisas/master/data/poder360/all.csv,Poder360 via Pindograma (project cache)
2018,,presidente,2018-10-03,Ibope,3010.0,2.0,estimulada,1,Votos Totais,BR-08245/2018,cenário estimulado  - 1º turno - válidos,Marina Silva,0,4.0,https://raw.githubusercontent.com/pindograma/pesquisas/master/data/poder360/all.csv,Poder360 via Pindograma (project cache)
2018,,presidente,2018-10-03,Ibope,3010.0,2.0,estimulada,1,Votos Totais,BR-08245/2018,cenário estimulado  - 1º turno - válidos,Vera Lúcia,0,0.0,https://raw.githubusercontent.com/pindograma/pesquisas/master/data/poder360/all.csv,Poder360 via Pindograma (project cache)
2018,,presidente,2018-10-03,Ibope,3010.0,2.0,estimulada,1,Votos Totais,BR-08245/2018,cenário estimulado - 1º turno,Alvaro Dias,0,1.0,https://raw.githubusercontent.com/pindograma/pesquisas/master/data/poder360/all.csv,Poder360 via Pindograma (project cache)
2018,,presidente,2018-10-03,Ibope,3010.0,2.0,estimulada,1,Votos Totais,BR-08245/2018,cenário estimulado - 1º turno,Bolsonaro,0,32.0,https://raw.githubusercontent.com/pindograma/pesquisas/master/data/poder360/all.csv,Poder360 via Pindograma (project cache)
2018,,presidente,2018-10-03,Ibope,3010.0,2.0,estimulada,1,Votos Totais,BR-08245/2018,cenário estimulado - 1º turno,Cabo Daciolo,0,1.0,https://raw.githubusercontent.com/pindograma/pesquisas/master/data/poder360/all.csv,Poder360 via Pindograma (project cache)
2018,,presidente,2018-10-03,Ibope,3010.0,2.0,estimulada,1,Votos Totais,BR-08245/2018,cenário estimulado - 1º turno,Ciro Gomes,0,10.0,https://raw.githubusercontent.com/pindograma/pesquisas/master/data/poder360/all.csv,Poder360 via Pindograma (project cache)
2018,,presidente,2018-10-03,Ibope,3010.0,2.0,estimulada,1,Votos Totais,BR-08245/2018,cenário estimulado - 1º turno,Eymael,0,0.0,https://raw.githubusercontent.com/pindograma/pesquisas/master/data/poder360/all.csv,Poder360 via Pindograma (project cache)
2018,,presidente,2018-10-03,Ibope,3010.0,2.0,estimulada,1,Votos Totais,BR-08245/2018,cenário estimulado - 1º turno,Fernando Haddad,0,23.0,https://raw.githubusercontent.com/pindograma/pesquisas/master/data/poder360/all.csv,Poder360 via Pindograma (project cache)
2018,,presidente,2018-10-03,Ibope,3010.0,2.0,estimulada,1,Votos Totais,BR-08245/2018,cenário estimulado - 1º turno,Geraldo Alckmin,0,7.0,https://raw.githubusercontent.com/pindograma/pesquisas/master/data/poder360/all.csv,Poder360 via Pindograma (project cache)
2018,,presidente,2018-10-03,Ibope,3010.0,2.0,estimulada,1,Votos Totais,BR-08245/2018,cenário estimulado - 1º turno,Guilherme Boulos,0,0.0,https://raw.githubusercontent.com/pindograma/pesquisas/master/data/poder360/all.csv,Poder360 via Pindograma (project cache)
2018,,presidente,2018-10-03,Ibope,3010.0,2.0,estimulada,1,Votos Totais,BR-08245/2018,cenário estimulado - 1º turno,Henrique Meirelles,0,2.0,https://raw.githubusercontent.com/pindograma/pesquisas/master/data/poder360/all.csv,Poder360 via Pindograma (project cache)
2018,,presidente,2018-10-03,Ibope,3010.0,2.0,estimulada,1,Votos Totais,BR-08245/2018,cenário estimulado - 1º turno,João Amoêdo,0,2.0,https://raw.githubusercontent.com/pindograma/pesquisas/master/data/poder360/all.csv,Poder360 via Pindograma (project cache)
2018,,presidente,2018-10-03,Ibope,3010.0,2.0,estimulada,1,Votos Totais,BR-08245/2018,cenário estimulado - 1º turno,João Goulart Filho,0,0.0,https://raw.githubusercontent.com/pindograma/pesquisas/master/data/poder360/all.csv,Poder360 via Pindograma (project cache)
2018,,presidente,2018-10-03,Ibope,3010.0,2.0,estimulada,1,Votos Totais,BR-08245/2018,cenário estimulado - 1º turno,Marina Silva,0,4.0,https://raw.githubusercontent.com/pindograma/pesquisas/master/data/poder360/all.csv,Poder360 via Pindograma (project cache)
2018,,presidente,2018-10-03,Ibope,3010.0,2.0,estimulada,1,Votos Totais,BR-08245/2018,cenário estimulado - 1º turno,Vera Lúcia,0,0.0,https://raw.githubusercontent.com/pindograma/pesquisas/master/data/poder360/all.csv,Poder360 via Pindograma (project cache)
2018,,presidente,2018-10-04,Datafolha,10930.0,2.0,estimulada,1,Votos Totais,BR-02581/2018,1º turno - estimulado,Alvaro Dias,0,2.0,https://raw.githubusercontent.com/pindograma/pesquisas/master/data/poder360/all.csv,Poder360 via Pindograma (project cache)
2018,,presidente,2018-10-04,Datafolha,10930.0,2.0,estimulada,1,Votos Totais,BR-02581/2018,1º turno - estimulado,Bolsonaro,0,35.0,https://raw.githubusercontent.com/pindograma/pesquisas/master/data/poder360/all.csv,Poder360 via Pindograma (project cache)
2018,,presidente,2018-10-04,Datafolha,10930.0,2.0,estimulada,1,Votos Totais,BR-02581/2018,1º turno - estimulado,Cabo Daciolo,0,1.0,https://raw.githubusercontent.com/pindograma/pesquisas/master/data/poder360/all.csv,Poder360 via Pindograma (project cache)
2018,,presidente,2018-10-04,Datafolha,10930.0,2.0,estimulada,1,Votos Totais,BR-02581/2018,1º turno - estimulado,Ciro Gomes,0,11.0,https://raw.githubusercontent.com/pindograma/pesquisas/master/data/poder360/all.csv,Poder360 via Pindograma (project cache)
2018,,presidente,2018-10-04,Datafolha,10930.0,2.0,estimulada,1,Votos Totais,BR-02581/2018,1º turno - estimulado,Eymael,0,0.0,https://raw.githubusercontent.com/pindograma/pesquisas/master/data/poder360/all.csv,Poder360 via Pindograma (project cache)
2018,,presidente,2018-10-04,Datafolha,10930.0,2.0,estimulada,1,Votos Totais,BR-02581/2018,1º turno - estimulado,Fernando Haddad,0,22.0,https://raw.githubusercontent.com/pindograma/pesquisas/master/data/poder360/all.csv,Poder360 via Pindograma (project cache)
2018,,presidente,2018-10-04,Datafolha,10930.0,2.0,estimulada,1,Votos Totais,BR-02581/2018,1º turno - estimulado,Geraldo Alckmin,0,8.0,https://raw.githubusercontent.com/pindograma/pesquisas/master/data/poder360/all.csv,Poder360 via Pindograma (project cache)
2018,,presidente,2018-10-04,Datafolha,10930.0,2.0,estimulada,1,Votos Totais,BR-02581/2018,1º turno - estimulado,Guilherme Boulos,0,0.0,https://raw.githubusercontent.com/pindograma/pesquisas/master/data/poder360/all.csv,Poder360 via Pindograma (project cache)
2018,,presidente,2018-10-04,Datafolha,10930.0,2.0,estimulada,1,Votos Totais,BR-02581/2018,1º turno - estimulado,Henrique Meirelles,0,2.0,https://raw.githubusercontent.com/pindograma/pesquisas/master/data/poder360/all.csv,Poder360 via Pindograma (project cache)
2018,,presidente,2018-10-04,Datafolha,10930.0,2.0,estimulada,1,Votos Totais,BR-02581/2018,1º turno - estimulado,João Amoêdo,0,3.0,https://raw.githubusercontent.com/pindograma/pesquisas/master/data/poder360/all.csv,Poder360 via Pindograma (project cache)
2018,,presidente,2018-10-04,Datafolha,10930.0,2.0,estimulada,1,Votos Totais,BR-02581/2018,1º turno - estimulado,João Goulart Filho,0,0.0,https://raw.githubusercontent.com/pindograma/pesquisas/master/data/poder360/all.csv,Poder360 via Pindograma (project cache)
2018,,presidente,2018-10-04,Datafolha,10930.0,2.0,estimulada,1,Votos Totais,BR-02581/2018,1º turno - estimulado,Marina Silva,0,4.0,https://raw.githubusercontent.com/pindograma/pesquisas/master/data/poder360/all.csv,Poder360 via Pindograma (project cache)
2018,,presidente,2018-10-04,Datafolha,10930.0,2.0,estimulada,1,Votos Totais,BR-02581/2018,1º turno - estimulado,Vera Lúcia,0,0.0,https://raw.githubusercontent.com/pindograma/pesquisas/master/data/poder360/all.csv,Poder360 via Pindograma (project cache)
2018,,presidente,2018-10-04,Datafolha,10930.0,2.0,estimulada,1,Votos Totais,BR-02581/2018,1º turno - estimulado - válidos,Alvaro Dias,0,2.0,https://raw.githubusercontent.com/pindograma/pesquisas/master/data/poder360/all.csv,Poder360 via Pindograma (project cache)
2018,,presidente,2018-10-04,Datafolha,10930.0,2.0,estimulada,1,Votos Totais,BR-02581/2018,1º turno - estimulado - válidos,Bolsonaro,0,39.0,https://raw.githubusercontent.com/pindograma/pesquisas/master/data/poder360/all.csv,Poder360 via Pindograma (project cache)
2018,,presidente,2018-10-04,Datafolha,10930.0,2.0,estimulada,1,Votos Totais,BR-02581/2018,1º turno - estimulado - válidos,Cabo Daciolo,0,1.0,https://raw.githubusercontent.com/pindograma/pesquisas/master/data/poder360/all.csv,Poder360 via Pindograma (project cache)
2018,,presidente,2018-10-04,Datafolha,10930.0,2.0,estimulada,1,Votos Totais,BR-02581/2018,1º turno - estimulado - válidos,Ciro Gomes,0,13.0,https://raw.githubusercontent.com/pindograma/pesquisas/master/data/poder360/all.csv,Poder360 via Pindograma (project cache)
2018,,presidente,2018-10-04,Datafolha,10930.0,2.0,estimulada,1,Votos Totais,BR-02581/2018,1º turno - estimulado - válidos,Eymael,0,0.0,https://raw.githubusercontent.com/pindograma/pesquisas/master/data/poder360/all.csv,Poder360 via Pindograma (project cache)
2018,,presidente,2018-10-04,Datafolha,10930.0,2.0,estimulada,1,Votos Totais,BR-02581/2018,1º turno - estimulado - válidos,Fernando Haddad,0,25.0,https://raw.githubusercontent.com/pindograma/pesquisas/master/data/poder360/all.csv,Poder360 via Pindograma (project cache)
2018,,presidente,2018-10-04,Datafolha,10930.0,2.0,estimulada,1,Votos Totais,BR-02581/2018,1º turno - estimulado - válidos,Geraldo Alckmin,0,9.0,https://raw.githubusercontent.com/pindograma/pesquisas/master/data/poder360/all.csv,Poder360 via Pindograma (project cache)
2018,,presidente,2018-10-04,Datafolha,10930.0,2.0,estimulada,1,Votos Totais,BR-02581/2018,1º turno - estimulado - válidos,Guilherme Boulos,0,1.0,https://raw.githubusercontent.com/pindograma/pesquisas/master/data/poder360/all.csv,Poder360 via Pindograma (project cache)
2018,,presidente,2018-10-04,Datafolha,10930.0,2.0,estimulada,1,Votos Totais,BR-02581/2018,1º turno - estimulado - válidos,Henrique Meirelles,0,2.0,https://raw.githubusercontent.com/pindograma/pesquisas/master/data/poder360/all.csv,Poder360 via Pindograma (project cache)
2018,,presidente,2018-10-04,Datafolha,10930.0,2.0,estimulada,1,Votos Totais,BR-02581/2018,1º turno - estimulado - válidos,João Amoêdo,0,3.0,https://raw.githubusercontent.com/pindograma/pesquisas/master/data/poder360/all.csv,Poder360 via Pindograma (project cache)
2018,,presidente,2018-10-04,Datafolha,10930.0,2.0,estimulada,1,Votos Totais,BR-02581/2018,1º turno - estimulado - válidos,João Goulart Filho,0,0.0,https://raw.githubusercontent.com/pindograma/pesquisas/master/data/poder360/all.csv,Poder360 via Pindograma (project cache)
2018,,presidente,2018-10-04,Datafolha,10930.0,2.0,estimulada,1,Votos Totais,BR-02581/2018,1º turno - estimulado - válidos,Marina Silva,0,4.0,https://raw.githubusercontent.com/pindograma/pesquisas/master/data/poder360/all.csv,Poder360 via Pindograma (project cache)
2018,,presidente,2018-10-04,Datafolha,10930.0,2.0,estimulada,1,Votos Totais,BR-02581/2018,1º turno - estimulado - válidos,Vera Lúcia,0,0.0,https://raw.githubusercontent.com/pindograma/pesquisas/master/data/poder360/all.csv,Poder360 via Pindograma (project cache)
2018,,presidente,2018-10-04,Ipespe,2000.0,3.0,estimulada,1,Votos Totais,BR-06509/2018,cenário estimulado - 1º turno,Alvaro Dias,0,2.0,https://raw.githubusercontent.com/pindograma/pesquisas/master/data/poder360/all.csv,Poder360 via Pindograma (project cache)
2018,,presidente,2018-10-04,Ipespe,2000.0,3.0,estimulada,1,Votos Totais,BR-06509/2018,cenário estimulado - 1º turno,Bolsonaro,0,36.0,https://raw.githubusercontent.com/pindograma/pesquisas/master/data/poder360/all.csv,Poder360 via Pindograma (project cache)
2018,,presidente,2018-10-04,Ipespe,2000.0,3.0,estimulada,1,Votos Totais,BR-06509/2018,cenário estimulado - 1º turno,Cabo Daciolo,0,1.0,https://raw.githubusercontent.com/pindograma/pesquisas/master/data/poder360/all.csv,Poder360 via Pindograma (project cache)
2018,,presidente,2018-10-04,Ipespe,2000.0,3.0,estimulada,1,Votos Totais,BR-06509/2018,cenário estimulado - 1º turno,Ciro Gomes,0,11.0,https://raw.githubusercontent.com/pindograma/pesquisas/master/data/poder360/all.csv,Poder360 via Pindograma (project cache)
2018,,presidente,2018-10-04,Ipespe,2000.0,3.0,estimulada,1,Votos Totais,BR-06509/2018,cenário estimulado - 1º turno,Eymael,0,0.0,https://raw.githubusercontent.com/pindograma/pesquisas/master/data/poder360/all.csv,Poder360 via Pindograma (project cache)
2018,,presidente,2018-10-04,Ipespe,2000.0,3.0,estimulada,1,Votos Totais,BR-06509/2018,cenário estimulado - 1º turno,Fernando Haddad,0,22.0,https://raw.githubusercontent.com/pindograma/pesquisas/master/data/poder360/all.csv,Poder360 via Pindograma (project cache)
2018,,presidente,2018-10-04,Ipespe,2000.0,3.0,estimulada,1,Votos Totais,BR-06509/2018,cenário estimulado - 1º turno,Geraldo Alckmin,0,7.0,https://raw.githubusercontent.com/pindograma/pesquisas/master/data/poder360/all.csv,Poder360 via Pindograma (project cache)
2018,,presidente,2018-10-04,Ipespe,2000.0,3.0,estimulada,1,Votos Totais,BR-06509/2018,cenário estimulado - 1º turno,Guilherme Boulos,0,0.0,https://raw.githubusercontent.com/pindograma/pesquisas/master/data/poder360/all.csv,Poder360 via Pindograma (project cache)
2018,,presidente,2018-10-04,Ipespe,2000.0,3.0,estimulada,1,Votos Totais,BR-06509/2018,cenário estimulado - 1º turno,Henrique Meirelles,0,2.0,https://raw.githubusercontent.com/pindograma/pesquisas/master/data/poder360/all.csv,Poder360 via Pindograma (project cache)
2018,,presidente,2018-10-04,Ipespe,2000.0,3.0,estimulada,1,Votos Totais,BR-06509/2018,cenário estimulado - 1º turno,João Amoêdo,0,3.0,https://raw.githubusercontent.com/pindograma/pesquisas/master/data/poder360/all.csv,Poder360 via Pindograma (project cache)
2018,,presidente,2018-10-04,Ipespe,2000.0,3.0,estimulada,1,Votos Totais,BR-06509/2018,cenário estimulado - 1º turno,João Goulart Filho,0,0.0,https://raw.githubusercontent.com/pindograma/pesquisas/master/data/poder360/all.csv,Poder360 via Pindograma (project cache)
2018,,presidente,2018-10-04,Ipespe,2000.0,3.0,estimulada,1,Votos Totais,BR-06509/2018,cenário estimulado - 1º turno,Marina Silva,0,4.0,https://raw.githubusercontent.com/pindograma/pesquisas/master/data/poder360/all.csv,Poder360 via Pindograma (project cache)
2018,,presidente,2018-10-04,Ipespe,2000.0,3.0,estimulada,1,Votos Totais,BR-06509/2018,cenário estimulado - 1º turno,Vera Lúcia,0,0.0,https://raw.githubusercontent.com/pindograma/pesquisas/master/data/poder360/all.csv,Poder360 via Pindograma (project cache)
2018,,presidente,2018-10-04,Paraná Pesquisas,2080.0,2.0,estimulada,1,Votos Totais,BR-08437/2018,cenário estimulado - 1º turno,Alvaro Dias,0,1.4,https://raw.githubusercontent.com/pindograma/pesquisas/master/data/poder360/all.csv,Poder360 via Pindograma (project cache)
2018,,presidente,2018-10-04,Paraná Pesquisas,2080.0,2.0,estimulada,1,Votos Totais,BR-08437/2018,cenário estimulado - 1º turno,Bolsonaro,0,34.9,https://raw.githubusercontent.com/pindograma/pesquisas/master/data/poder360/all.csv,Poder360 via Pindograma (project cache)
2018,,presidente,2018-10-04,Paraná Pesquisas,2080.0,2.0,estimulada,1,Votos Totais,BR-08437/2018,cenário estimulado - 1º turno,Cabo Daciolo,0,1.0,https://raw.githubusercontent.com/pindograma/pesquisas/master/data/poder360/all.csv,Poder360 via Pindograma (project cache)
2018,,presidente,2018-10-04,Paraná Pesquisas,2080.0,2.0,estimulada,1,Votos Totais,BR-08437/2018,cenário estimulado - 1º turno,Ciro Gomes,0,9.4,https://raw.githubusercontent.com/pindograma/pesquisas/master/data/poder360/all.csv,Poder360 via Pindograma (project cache)
2018,,presidente,2018-10-04,Paraná Pesquisas,2080.0,2.0,estimulada,1,Votos Totais,BR-08437/2018,cenário estimulado - 1º turno,Eymael,0,0.0,https://raw.githubusercontent.com/pindograma/pesquisas/master/data/poder360/all.csv,Poder360 via Pindograma (project cache)
2018,,presidente,2018-10-04,Paraná Pesquisas,2080.0,2.0,estimulada,1,Votos Totais,BR-08437/2018,cenário estimulado - 1º turno,Fernando Haddad,0,21.8,https://raw.githubusercontent.com/pindograma/pesquisas/master/data/poder360/all.csv,Poder360 via Pindograma (project cache)
2018,,presidente,2018-10-04,Paraná Pesquisas,2080.0,2.0,estimulada,1,Votos Totais,BR-08437/2018,cenário estimulado - 1º turno,Geraldo Alckmin,0,7.4,https://raw.githubusercontent.com/pindograma/pesquisas/master/data/poder360/all.csv,Poder360 via Pindograma (project cache)
2018,,presidente,2018-10-04,Paraná Pesquisas,2080.0,2.0,estimulada,1,Votos Totais,BR-08437/2018,cenário estimulado - 1º turno,Guilherme Boulos,0,0.6,https://raw.githubusercontent.com/pindograma/pesquisas/master/data/poder360/all.csv,Poder360 via Pindograma (project cache)
2018,,presidente,2018-10-04,Paraná Pesquisas,2080.0,2.0,estimulada,1,Votos Totais,BR-08437/2018,cenário estimulado - 1º turno,Henrique Meirelles,0,1.7,https://raw.githubusercontent.com/pindograma/pesquisas/master/data/poder360/all.csv,Poder360 via Pindograma (project cache)
2018,,presidente,2018-10-04,Paraná Pesquisas,2080.0,2.0,estimulada,1,Votos Totais,BR-08437/2018,cenário estimulado - 1º turno,João Amoêdo,0,3.1,https://raw.githubusercontent.com/pindograma/pesquisas/master/data/poder360/all.csv,Poder360 via Pindograma (project cache)
2018,,presidente,2018-10-04,Paraná Pesquisas,2080.0,2.0,estimulada,1,Votos Totais,BR-08437/2018,cenário estimulado - 1º turno,João Goulart Filho,0,0.0,https://raw.githubusercontent.com/pindograma/pesquisas/master/data/poder360/all.csv,Poder360 via Pindograma (project cache)
2018,,presidente,2018-10-04,Paraná Pesquisas,2080.0,2.0,estimulada,1,Votos Totais,BR-08437/2018,cenário estimulado - 1º turno,Marina Silva,0,3.5,https://raw.githubusercontent.com/pindograma/pesquisas/master/data/poder360/all.csv,Poder360 via Pindograma (project cache)
2018,,presidente,2018-10-04,Paraná Pesquisas,2080.0,2.0,estimulada,1,Votos Totais,BR-08437/2018,cenário estimulado - 1º turno,Vera Lúcia,0,0.5,https://raw.githubusercontent.com/pindograma/pesquisas/master/data/poder360/all.csv,Poder360 via Pindograma (project cache)
2018,,presidente,2018-10-04,PoderData,4000.0,2.0,estimulada,1,Votos Totais,BR-07142/2018,1º turno - estimulado - válidos,Alvaro Dias,0,4.0,https://raw.githubusercontent.com/pindograma/pesquisas/master/data/poder360/all.csv,Poder360 via Pindograma (project cache)
2018,,presidente,2018-10-04,PoderData,4000.0,2.0,estimulada,1,Votos Totais,BR-07142/2018,1º turno - estimulado - válidos,Bolsonaro,0,33.0,https://raw.githubusercontent.com/pindograma/pesquisas/master/data/poder360/all.csv,Poder360 via Pindograma (project cache)
2018,,presidente,2018-10-04,PoderData,4000.0,2.0,estimulada,1,Votos Totais,BR-07142/2018,1º turno - estimulado - válidos,Cabo Daciolo,0,3.0,https://raw.githubusercontent.com/pindograma/pesquisas/master/data/poder360/all.csv,Poder360 via Pindograma (project cache)
2018,,presidente,2018-10-04,PoderData,4000.0,2.0,estimulada,1,Votos Totais,BR-07142/2018,1º turno - estimulado - válidos,Ciro Gomes,0,16.0,https://raw.githubusercontent.com/pindograma/pesquisas/master/data/poder360/all.csv,Poder360 via Pindograma (project cache)
2018,,presidente,2018-10-04,PoderData,4000.0,2.0,estimulada,1,Votos Totais,BR-07142/2018,1º turno - estimulado - válidos,Eymael,0,0.0,https://raw.githubusercontent.com/pindograma/pesquisas/master/data/poder360/all.csv,Poder360 via Pindograma (project cache)
2018,,presidente,2018-10-04,PoderData,4000.0,2.0,estimulada,1,Votos Totais,BR-07142/2018,1º turno - estimulado - válidos,Fernando Haddad,0,27.0,https://raw.githubusercontent.com/pindograma/pesquisas/master/data/poder360/all.csv,Poder360 via Pindograma (project cache)
2018,,presidente,2018-10-04,PoderData,4000.0,2.0,estimulada,1,Votos Totais,BR-07142/2018,1º turno - estimulado - válidos,Geraldo Alckmin,0,8.0,https://raw.githubusercontent.com/pindograma/pesquisas/master/data/poder360/all.csv,Poder360 via Pindograma (project cache)
2018,,presidente,2018-10-04,PoderData,4000.0,2.0,estimulada,1,Votos Totais,BR-07142/2018,1º turno - estimulado - válidos,Guilherme Boulos,0,2.0,https://raw.githubusercontent.com/pindograma/pesquisas/master/data/poder360/all.csv,Poder360 via Pindograma (project cache)
2018,,presidente,2018-10-04,PoderData,4000.0,2.0,estimulada,1,Votos Totais,BR-07142/2018,1º turno - estimulado - válidos,Henrique Meirelles,0,3.0,https://raw.githubusercontent.com/pindograma/pesquisas/master/data/poder360/all.csv,Poder360 via Pindograma (project cache)
2018,,presidente,2018-10-04,PoderData,4000.0,2.0,estimulada,1,Votos Totais,BR-07142/2018,1º turno - estimulado - válidos,João Amoêdo,0,2.0,https://raw.githubusercontent.com/pindograma/pesquisas/master/data/poder360/all.csv,Poder360 via Pindograma (project cache)
2018,,presidente,2018-10-04,PoderData,4000.0,2.0,estimulada,1,Votos Totais,BR-07142/2018,1º turno - estimulado - válidos,João Goulart Filho,0,0.0,https://raw.githubusercontent.com/pindograma/pesquisas/master/data/poder360/all.csv,Poder360 via Pindograma (project cache)
2018,,presidente,2018-10-04,PoderData,4000.0,2.0,estimulada,1,Votos Totais,BR-07142/2018,1º turno - estimulado - válidos,Marina Silva,0,3.0,https://raw.githubusercontent.com/pindograma/pesquisas/master/data/poder360/all.csv,Poder360 via Pindograma (project cache)
2018,,presidente,2018-10-04,PoderData,4000.0,2.0,estimulada,1,Votos Totais,BR-07142/2018,1º turno - estimulado - válidos,Vera Lúcia,0,0.0,https://raw.githubusercontent.com/pindograma/pesquisas/master/data/poder360/all.csv,Poder360 via Pindograma (project cache)
2018,,presidente,2018-10-04,PoderData,4000.0,2.0,estimulada,1,Votos Totais,BR-07142/2018,1º turno - estimulado,Alvaro Dias,0,4.0,https://raw.githubusercontent.com/pindograma/pesquisas/master/data/poder360/all.csv,Poder360 via Pindograma (project cache)
2018,,presidente,2018-10-04,PoderData,4000.0,2.0,estimulada,1,Votos Totais,BR-07142/2018,1º turno - estimulado,Bolsonaro,0,30.0,https://raw.githubusercontent.com/pindograma/pesquisas/master/data/poder360/all.csv,Poder360 via Pindograma (project cache)
2018,,presidente,2018-10-04,PoderData,4000.0,2.0,estimulada,1,Votos Totais,BR-07142/2018,1º turno - estimulado,Cabo Daciolo,0,3.0,https://raw.githubusercontent.com/pindograma/pesquisas/master/data/poder360/all.csv,Poder360 via Pindograma (project cache)
2018,,presidente,2018-10-04,PoderData,4000.0,2.0,estimulada,1,Votos Totais,BR-07142/2018,1º turno - estimulado,Ciro Gomes,0,15.0,https://raw.githubusercontent.com/pindograma/pesquisas/master/data/poder360/all.csv,Poder360 via Pindograma (project cache)
2018,,presidente,2018-10-04,PoderData,4000.0,2.0,estimulada,1,Votos Totais,BR-07142/2018,1º turno - estimulado,Eymael,0,0.0,https://raw.githubusercontent.com/pindograma/pesquisas/master/data/poder360/all.csv,Poder360 via Pindograma (project cache)
2018,,presidente,2018-10-04,PoderData,4000.0,2.0,estimulada,1,Votos Totais,BR-07142/2018,1º turno - estimulado,Fernando Haddad,0,25.0,https://raw.githubusercontent.com/pindograma/pesquisas/master/data/poder360/all.csv,Poder360 via Pindograma (project cache)
2018,,presidente,2018-10-04,PoderData,4000.0,2.0,estimulada,1,Votos Totais,BR-07142/2018,1º turno - estimulado,Geraldo Alckmin,0,7.0,https://raw.githubusercontent.com/pindograma/pesquisas/master/data/poder360/all.csv,Poder360 via Pindograma (project cache)
2018,,presidente,2018-10-04,PoderData,4000.0,2.0,estimulada,1,Votos Totais,BR-07142/2018,1º turno - estimulado,Guilherme Boulos,0,2.0,https://raw.githubusercontent.com/pindograma/pesquisas/master/data/poder360/all.csv,Poder360 via Pindograma (project cache)
2018,,presidente,2018-10-04,PoderData,4000.0,2.0,estimulada,1,Votos Totais,BR-07142/2018,1º turno - estimulado,Henrique Meirelles,0,3.0,https://raw.githubusercontent.com/pindograma/pesquisas/master/data/poder360/all.csv,Poder360 via Pindograma (project cache)
2018,,presidente,2018-10-04,PoderData,4000.0,2.0,estimulada,1,Votos Totais,BR-07142/2018,1º turno - estimulado,João Amoêdo,0,0.0,https://raw.githubusercontent.com/pindograma/pesquisas/master/data/poder360/all.csv,Poder360 via Pindograma (project cache)
2018,,presidente,2018-10-04,PoderData,4000.0,2.0,estimulada,1,Votos Totais,BR-07142/2018,1º turno - estimulado,João Goulart Filho,0,0.0,https://raw.githubusercontent.com/pindograma/pesquisas/master/data/poder360/all.csv,Poder360 via Pindograma (project cache)
2018,,presidente,2018-10-04,PoderData,4000.0,2.0,estimulada,1,Votos Totais,BR-07142/2018,1º turno - estimulado,Marina Silva,0,0.0,https://raw.githubusercontent.com/pindograma/pesquisas/master/data/poder360/all.csv,Poder360 via Pindograma (project cache)
2018,,presidente,2018-10-04,PoderData,4000.0,2.0,estimulada,1,Votos Totais,BR-07142/2018,1º turno - estimulado,Vera Lúcia,0,0.0,https://raw.githubusercontent.com/pindograma/pesquisas/master/data/poder360/all.csv,Poder360 via Pindograma (project cache)
2018,,presidente,2018-10-04,Real Time Big Data,10000.0,3.0,estimulada,1,Votos Totais,BR-05770/2018,cenário estimulado - 1º turno - válidos,Alvaro Dias,0,1.0,https://raw.githubusercontent.com/pindograma/pesquisas/master/data/poder360/all.csv,Poder360 via Pindograma (project cache)
2018,,presidente,2018-10-04,Real Time Big Data,10000.0,3.0,estimulada,1,Votos Totais,BR-05770/2018,cenário estimulado - 1º turno - válidos,Bolsonaro,0,40.0,https://raw.githubusercontent.com/pindograma/pesquisas/master/data/poder360/all.csv,Poder360 via Pindograma (project cache)
2018,,presidente,2018-10-04,Real Time Big Data,10000.0,3.0,estimulada,1,Votos Totais,BR-05770/2018,cenário estimulado - 1º turno - válidos,Ciro Gomes,0,14.0,https://raw.githubusercontent.com/pindograma/pesquisas/master/data/poder360/all.csv,Poder360 via Pindograma (project cache)
2018,,presidente,2018-10-04,Real Time Big Data,10000.0,3.0,estimulada,1,Votos Totais,BR-05770/2018,cenário estimulado - 1º turno - válidos,Fernando Haddad,0,28.0,https://raw.githubusercontent.com/pindograma/pesquisas/master/data/poder360/all.csv,Poder360 via Pindograma (project cache)
2018,,presidente,2018-10-04,Real Time Big Data,10000.0,3.0,estimulada,1,Votos Totais,BR-05770/2018,cenário estimulado - 1º turno - válidos,Geraldo Alckmin,0,7.0,https://raw.githubusercontent.com/pindograma/pesquisas/master/data/poder360/all.csv,Poder360 via Pindograma (project cache)
2018,,presidente,2018-10-04,Real Time Big Data,10000.0,3.0,estimulada,1,Votos Totais,BR-05770/2018,cenário estimulado - 1º turno - válidos,Henrique Meirelles,0,1.0,https://raw.githubusercontent.com/pindograma/pesquisas/master/data/poder360/all.csv,Poder360 via Pindograma (project cache)
2018,,presidente,2018-10-04,Real Time Big Data,10000.0,3.0,estimulada,1,Votos Totais,BR-05770/2018,cenário estimulado - 1º turno - válidos,João Amoêdo,0,3.0,https://raw.githubusercontent.com/pindograma/pesquisas/master/data/poder360/all.csv,Poder360 via Pindograma (project cache)
2018,,presidente,2018-10-04,Real Time Big Data,10000.0,3.0,estimulada,1,Votos Totais,BR-05770/2018,cenário estimulado - 1º turno - válidos,Marina Silva,0,5.0,https://raw.githubusercontent.com/pindograma/pesquisas/master/data/poder360/all.csv,Poder360 via Pindograma (project cache)
2018,,presidente,2018-10-05,MDA,2002.0,2.2,estimulada,1,Votos Totais,BR-04819/2018,cenário estimulado - 1º turno,Alvaro Dias,0,1.7,https://raw.githubusercontent.com/pindograma/pesquisas/master/data/poder360/all.csv,Poder360 via Pindograma (project cache)
2018,,presidente,2018-10-05,MDA,2002.0,2.2,estimulada,1,Votos Totais,BR-04819/2018,cenário estimulado - 1º turno,Bolsonaro,0,36.7,https://raw.githubusercontent.com/pindograma/pesquisas/master/data/poder360/all.csv,Poder360 via Pindograma (project cache)
2018,,presidente,2018-10-05,MDA,2002.0,2.2,estimulada,1,Votos Totais,BR-04819/2018,cenário estimulado - 1º turno,Cabo Daciolo,0,1.3,https://raw.githubusercontent.com/pindograma/pesquisas/master/data/poder360/all.csv,Poder360 via Pindograma (project cache)
2018,,presidente,2018-10-05,MDA,2002.0,2.2,estimulada,1,Votos Totais,BR-04819/2018,cenário estimulado - 1º turno,Ciro Gomes,0,9.9,https://raw.githubusercontent.com/pindograma/pesquisas/master/data/poder360/all.csv,Poder360 via Pindograma (project cache)
2018,,presidente,2018-10-05,MDA,2002.0,2.2,estimulada,1,Votos Totais,BR-04819/2018,cenário estimulado - 1º turno,Eymael,0,0.1,https://raw.githubusercontent.com/pindograma/pesquisas/master/data/poder360/all.csv,Poder360 via Pindograma (project cache)
2018,,presidente,2018-10-05,MDA,2002.0,2.2,estimulada,1,Votos Totais,BR-04819/2018,cenário estimulado - 1º turno,Fernando Haddad,0,24.0,https://raw.githubusercontent.com/pindograma/pesquisas/master/data/poder360/all.csv,Poder360 via Pindograma (project cache)
2018,,presidente,2018-10-05,MDA,2002.0,2.2,estimulada,1,Votos Totais,BR-04819/2018,cenário estimulado - 1º turno,Geraldo Alckmin,0,5.8,https://raw.githubusercontent.com/pindograma/pesquisas/master/data/poder360/all.csv,Poder360 via Pindograma (project cache)
2018,,presidente,2018-10-05,MDA,2002.0,2.2,estimulada,1,Votos Totais,BR-04819/2018,cenário estimulado - 1º turno,Guilherme Boulos,0,0.3,https://raw.githubusercontent.com/pindograma/pesquisas/master/data/poder360/all.csv,Poder360 via Pindograma (project cache)
2018,,presidente,2018-10-05,MDA,2002.0,2.2,estimulada,1,Votos Totais,BR-04819/2018,cenário estimulado - 1º turno,Henrique Meirelles,0,1.6,https://raw.githubusercontent.com/pindograma/pesquisas/master/data/poder360/all.csv,Poder360 via Pindograma (project cache)
2018,,presidente,2018-10-05,MDA,2002.0,2.2,estimulada,1,Votos Totais,BR-04819/2018,cenário estimulado - 1º turno,João Amoêdo,0,2.3,https://raw.githubusercontent.com/pindograma/pesquisas/master/data/poder360/all.csv,Poder360 via Pindograma (project cache)
2018,,presidente,2018-10-05,MDA,2002.0,2.2,estimulada,1,Votos Totais,BR-04819/2018,cenário estimulado - 1º turno,João Goulart Filho,0,0.1,https://raw.githubusercontent.com/pindograma/pesquisas/master/data/poder360/all.csv,Poder360 via Pindograma (project cache)
2018,,presidente,2018-10-05,MDA,2002.0,2.2,estimulada,1,Votos Totais,BR-04819/2018,cenário estimulado - 1º turno,Marina Silva,0,2.2,https://raw.githubusercontent.com/pindograma/pesquisas/master/data/poder360/all.csv,Poder360 via Pindograma (project cache)
2018,,presidente,2018-10-05,MDA,2002.0,2.2,estimulada,1,Votos Totais,BR-04819/2018,cenário estimulado - 1º turno,Vera Lúcia,0,0.1,https://raw.githubusercontent.com/pindograma/pesquisas/master/data/poder360/all.csv,Poder360 via Pindograma (project cache)
2018,,presidente,2018-10-05,Veritá,5050.0,2.0,estimulada,1,Votos Totais,BR-03229/2018,cenário estimulado - 1º turno,Alvaro Dias,0,1.0,https://raw.githubusercontent.com/pindograma/pesquisas/master/data/poder360/all.csv,Poder360 via Pindograma (project cache)
2018,,presidente,2018-10-05,Veritá,5050.0,2.0,estimulada,1,Votos Totais,BR-03229/2018,cenário estimulado - 1º turno,Bolsonaro,0,41.5,https://raw.githubusercontent.com/pindograma/pesquisas/master/data/poder360/all.csv,Poder360 via Pindograma (project cache)
2018,,presidente,2018-10-05,Veritá,5050.0,2.0,estimulada,1,Votos Totais,BR-03229/2018,cenário estimulado - 1º turno,Cabo Daciolo,0,1.0,https://raw.githubusercontent.com/pindograma/pesquisas/master/data/poder360/all.csv,Poder360 via Pindograma (project cache)
2018,,presidente,2018-10-05,Veritá,5050.0,2.0,estimulada,1,Votos Totais,BR-03229/2018,cenário estimulado - 1º turno,Ciro Gomes,0,8.4,https://raw.githubusercontent.com/pindograma/pesquisas/master/data/poder360/all.csv,Poder360 via Pindograma (project cache)
2018,,presidente,2018-10-05,Veritá,5050.0,2.0,estimulada,1,Votos Totais,BR-03229/2018,cenário estimulado - 1º turno,Eymael,0,0.1,https://raw.githubusercontent.com/pindograma/pesquisas/master/data/poder360/all.csv,Poder360 via Pindograma (project cache)
2018,,presidente,2018-10-05,Veritá,5050.0,2.0,estimulada,1,Votos Totais,BR-03229/2018,cenário estimulado - 1º turno,Fernando Haddad,0,18.8,https://raw.githubusercontent.com/pindograma/pesquisas/master/data/poder360/all.csv,Poder360 via Pindograma (project cache)
2018,,presidente,2018-10-05,Veritá,5050.0,2.0,estimulada,1,Votos Totais,BR-03229/2018,cenário estimulado - 1º turno,Geraldo Alckmin,0,4.2,https://raw.githubusercontent.com/pindograma/pesquisas/master/data/poder360/all.csv,Poder360 via Pindograma (project cache)
2018,,presidente,2018-10-05,Veritá,5050.0,2.0,estimulada,1,Votos Totais,BR-03229/2018,cenário estimulado - 1º turno,Guilherme Boulos,0,0.7,https://raw.githubusercontent.com/pindograma/pesquisas/master/data/poder360/all.csv,Poder360 via Pindograma (project cache)
2018,,presidente,2018-10-05,Veritá,5050.0,2.0,estimulada,1,Votos Totais,BR-03229/2018,cenário estimulado - 1º turno,Henrique Meirelles,0,0.8,https://raw.githubusercontent.com/pindograma/pesquisas/master/data/poder360/all.csv,Poder360 via Pindograma (project cache)
2018,,presidente,2018-10-05,Veritá,5050.0,2.0,estimulada,1,Votos Totais,BR-03229/2018,cenário estimulado - 1º turno,João Amoêdo,0,2.9,https://raw.githubusercontent.com/pindograma/pesquisas/master/data/poder360/all.csv,Poder360 via Pindograma (project cache)
2018,,presidente,2018-10-05,Veritá,5050.0,2.0,estimulada,1,Votos Totais,BR-03229/2018,cenário estimulado - 1º turno,João Goulart Filho,0,0.1,https://raw.githubusercontent.com/pindograma/pesquisas/master/data/poder360/all.csv,Poder360 via Pindograma (project cache)
2018,,presidente,2018-10-05,Veritá,5050.0,2.0,estimulada,1,Votos Totais,BR-03229/2018,cenário estimulado - 1º turno,Marina Silva,0,1.4,https://raw.githubusercontent.com/pindograma/pesquisas/master/data/poder360/all.csv,Poder360 via Pindograma (project cache)
2018,,presidente,2018-10-05,Veritá,5050.0,2.0,estimulada,1,Votos Totais,BR-03229/2018,cenário estimulado - 1º turno,Vera Lúcia,0,0.1,https://raw.githubusercontent.com/pindograma/pesquisas/master/data/poder360/all.csv,Poder360 via Pindograma (project cache)
2018,,presidente,2018-10-05,Veritá,5050.0,2.0,estimulada,1,Votos Totais,BR-03229/2018,cenário estimulado - 1º turno - válidos,Alvaro Dias,0,1.2,https://raw.githubusercontent.com/pindograma/pesquisas/master/data/poder360/all.csv,Poder360 via Pindograma (project cache)
2018,,presidente,2018-10-05,Veritá,5050.0,2.0,estimulada,1,Votos Totais,BR-03229/2018,cenário estimulado - 1º turno - válidos,Bolsonaro,0,51.2,https://raw.githubusercontent.com/pindograma/pesquisas/master/data/poder360/all.csv,Poder360 via Pindograma (project cache)
2018,,presidente,2018-10-05,Veritá,5050.0,2.0,estimulada,1,Votos Totais,BR-03229/2018,cenário estimulado - 1º turno - válidos,Cabo Daciolo,0,1.2,https://raw.githubusercontent.com/pindograma/pesquisas/master/data/poder360/all.csv,Poder360 via Pindograma (project cache)
2018,,presidente,2018-10-05,Veritá,5050.0,2.0,estimulada,1,Votos Totais,BR-03229/2018,cenário estimulado - 1º turno - válidos,Ciro Gomes,0,10.4,https://raw.githubusercontent.com/pindograma/pesquisas/master/data/poder360/all.csv,Poder360 via Pindograma (project cache)
2018,,presidente,2018-10-05,Veritá,5050.0,2.0,estimulada,1,Votos Totais,BR-03229/2018,cenário estimulado - 1º turno - válidos,Eymael,0,0.1,https://raw.githubusercontent.com/pindograma/pesquisas/master/data/poder360/all.csv,Poder360 via Pindograma (project cache)
2018,,presidente,2018-10-05,Veritá,5050.0,2.0,estimulada,1,Votos Totais,BR-03229/2018,cenário estimulado - 1º turno - válidos,Fernando Haddad,0,23.2,https://raw.githubusercontent.com/pindograma/pesquisas/master/data/poder360/all.csv,Poder360 via Pindograma (project cache)
2018,,presidente,2018-10-05,Veritá,5050.0,2.0,estimulada,1,Votos Totais,BR-03229/2018,cenário estimulado - 1º turno - válidos,Geraldo Alckmin,0,5.2,https://raw.githubusercontent.com/pindograma/pesquisas/master/data/poder360/all.csv,Poder360 via Pindograma (project cache)
2018,,presidente,2018-10-05,Veritá,5050.0,2.0,estimulada,1,Votos Totais,BR-03229/2018,cenário estimulado - 1º turno - válidos,Guilherme Boulos,0,0.8,https://raw.githubusercontent.com/pindograma/pesquisas/master/data/poder360/all.csv,Poder360 via Pindograma (project cache)
2018,,presidente,2018-10-05,Veritá,5050.0,2.0,estimulada,1,Votos Totais,BR-03229/2018,cenário estimulado - 1º turno - válidos,Henrique Meirelles,0,0.81,https://raw.githubusercontent.com/pindograma/pesquisas/master/data/poder360/all.csv,Poder360 via Pindograma (project cache)
2018,,presidente,2018-10-05,Veritá,5050.0,2.0,estimulada,1,Votos Totais,BR-03229/2018,cenário estimulado - 1º turno - válidos,João Amoêdo,0,3.6,https://raw.githubusercontent.com/pindograma/pesquisas/master/data/poder360/all.csv,Poder360 via Pindograma (project cache)
2018,,presidente,2018-10-05,Veritá,5050.0,2.0,estimulada,1,Votos Totais,BR-03229/2018,cenário estimulado - 1º turno - válidos,João Goulart Filho,0,0.1,https://raw.githubusercontent.com/pindograma/pesquisas/master/data/poder360/all.csv,Poder360 via Pindograma (project cache)
2018,,presidente,2018-10-05,Veritá,5050.0,2.0,estimulada,1,Votos Totais,BR-03229/2018,cenário estimulado - 1º turno - válidos,Marina Silva,0,1.7,https://raw.githubusercontent.com/pindograma/pesquisas/master/data/poder360/all.csv,Poder360 via Pindograma (project cache)
2018,,presidente,2018-10-05,Veritá,5050.0,2.0,estimulada,1,Votos Totais,BR-03229/2018,cenário estimulado - 1º turno - válidos,Vera Lúcia,0,0.1,https://raw.githubusercontent.com/pindograma/pesquisas/master/data/poder360/all.csv,Poder360 via Pindograma (project cache)
2018,,presidente,2018-10-06,Datafolha,2506.0,0.0,estimulada,1,Votos Totais,BR-01584/2018,estimulada 1º turno,Alvaro Dias,0,2.0,https://raw.githubusercontent.com/pindograma/pesquisas/master/data/poder360/all.csv,Poder360 via Pindograma (project cache)
2018,,presidente,2018-10-06,Datafolha,2506.0,0.0,estimulada,1,Votos Totais,BR-01584/2018,estimulada 1º turno,Bolsonaro,0,36.0,https://raw.githubusercontent.com/pindograma/pesquisas/master/data/poder360/all.csv,Poder360 via Pindograma (project cache)
2018,,presidente,2018-10-06,Datafolha,2506.0,0.0,estimulada,1,Votos Totais,BR-01584/2018,estimulada 1º turno,Cabo Daciolo,0,1.0,https://raw.githubusercontent.com/pindograma/pesquisas/master/data/poder360/all.csv,Poder360 via Pindograma (project cache)
2018,,presidente,2018-10-06,Datafolha,2506.0,0.0,estimulada,1,Votos Totais,BR-01584/2018,estimulada 1º turno,Ciro Gomes,0,13.0,https://raw.githubusercontent.com/pindograma/pesquisas/master/data/poder360/all.csv,Poder360 via Pindograma (project cache)
2018,,presidente,2018-10-06,Datafolha,2506.0,0.0,estimulada,1,Votos Totais,BR-01584/2018,estimulada 1º turno,Eymael,0,0.0,https://raw.githubusercontent.com/pindograma/pesquisas/master/data/poder360/all.csv,Poder360 via Pindograma (project cache)
2018,,presidente,2018-10-06,Datafolha,2506.0,0.0,estimulada,1,Votos Totais,BR-01584/2018,estimulada 1º turno,Fernando Haddad,0,22.0,https://raw.githubusercontent.com/pindograma/pesquisas/master/data/poder360/all.csv,Poder360 via Pindograma (project cache)
2018,,presidente,2018-10-06,Datafolha,2506.0,0.0,estimulada,1,Votos Totais,BR-01584/2018,estimulada 1º turno,Geraldo Alckmin,0,7.0,https://raw.githubusercontent.com/pindograma/pesquisas/master/data/poder360/all.csv,Poder360 via Pindograma (project cache)
2018,,presidente,2018-10-06,Datafolha,2506.0,0.0,estimulada,1,Votos Totais,BR-01584/2018,estimulada 1º turno,Guilherme Boulos,0,1.0,https://raw.githubusercontent.com/pindograma/pesquisas/master/data/poder360/all.csv,Poder360 via Pindograma (project cache)
2018,,presidente,2018-10-06,Datafolha,2506.0,0.0,estimulada,1,Votos Totais,BR-01584/2018,estimulada 1º turno,Henrique Meirelles,0,2.0,https://raw.githubusercontent.com/pindograma/pesquisas/master/data/poder360/all.csv,Poder360 via Pindograma (project cache)
2018,,presidente,2018-10-06,Datafolha,2506.0,0.0,estimulada,1,Votos Totais,BR-01584/2018,estimulada 1º turno,João Amoêdo,0,3.0,https://raw.githubusercontent.com/pindograma/pesquisas/master/data/poder360/all.csv,Poder360 via Pindograma (project cache)
2018,,presidente,2018-10-06,Datafolha,2506.0,0.0,estimulada,1,Votos Totais,BR-01584/2018,estimulada 1º turno,João Goulart Filho,0,0.0,https://raw.githubusercontent.com/pindograma/pesquisas/master/data/poder360/all.csv,Poder360 via Pindograma (project cache)
2018,,presidente,2018-10-06,Datafolha,2506.0,0.0,estimulada,1,Votos Totais,BR-01584/2018,estimulada 1º turno,Marina Silva,0,3.0,https://raw.githubusercontent.com/pindograma/pesquisas/master/data/poder360/all.csv,Poder360 via Pindograma (project cache)
2018,,presidente,2018-10-06,Datafolha,2506.0,0.0,estimulada,1,Votos Totais,BR-01584/2018,estimulada 1º turno,Vera Lúcia,0,0.0,https://raw.githubusercontent.com/pindograma/pesquisas/master/data/poder360/all.csv,Poder360 via Pindograma (project cache)
2018,,presidente,2018-10-06,Datafolha,2506.0,0.0,estimulada,1,Votos Totais,BR-01584/2018,estimulada 1º turno - válidos,Alvaro Dias,0,2.0,https://raw.githubusercontent.com/pindograma/pesquisas/master/data/poder360/all.csv,Poder360 via Pindograma (project cache)
2018,,presidente,2018-10-06,Datafolha,2506.0,0.0,estimulada,1,Votos Totais,BR-01584/2018,estimulada 1º turno - válidos,Bolsonaro,0,40.0,https://raw.githubusercontent.com/pindograma/pesquisas/master/data/poder360/all.csv,Poder360 via Pindograma (project cache)
2018,,presidente,2018-10-06,Datafolha,2506.0,0.0,estimulada,1,Votos Totais,BR-01584/2018,estimulada 1º turno - válidos,Cabo Daciolo,0,1.0,https://raw.githubusercontent.com/pindograma/pesquisas/master/data/poder360/all.csv,Poder360 via Pindograma (project cache)
2018,,presidente,2018-10-06,Datafolha,2506.0,0.0,estimulada,1,Votos Totais,BR-01584/2018,estimulada 1º turno - válidos,Ciro Gomes,0,15.0,https://raw.githubusercontent.com/pindograma/pesquisas/master/data/poder360/all.csv,Poder360 via Pindograma (project cache)
2018,,presidente,2018-10-06,Datafolha,2506.0,0.0,estimulada,1,Votos Totais,BR-01584/2018,estimulada 1º turno - válidos,Eymael,0,0.0,https://raw.githubusercontent.com/pindograma/pesquisas/master/data/poder360/all.csv,Poder360 via Pindograma (project cache)
2018,,presidente,2018-10-06,Datafolha,2506.0,0.0,estimulada,1,Votos Totais,BR-01584/2018,estimulada 1º turno - válidos,Fernando Haddad,0,25.0,https://raw.githubusercontent.com/pindograma/pesquisas/master/data/poder360/all.csv,Poder360 via Pindograma (project cache)
2018,,presidente,2018-10-06,Datafolha,2506.0,0.0,estimulada,1,Votos Totais,BR-01584/2018,estimulada 1º turno - válidos,Geraldo Alckmin,0,8.0,https://raw.githubusercontent.com/pindograma/pesquisas/master/data/poder360/all.csv,Poder360 via Pindograma (project cache)
2018,,presidente,2018-10-06,Datafolha,2506.0,0.0,estimulada,1,Votos Totais,BR-01584/2018,estimulada 1º turno - válidos,Guilherme Boulos,0,1.0,https://raw.githubusercontent.com/pindograma/pesquisas/master/data/poder360/all.csv,Poder360 via Pindograma (project cache)
2018,,presidente,2018-10-06,Datafolha,2506.0,0.0,estimulada,1,Votos Totais,BR-01584/2018,estimulada 1º turno - válidos,Henrique Meirelles,0,2.0,https://raw.githubusercontent.com/pindograma/pesquisas/master/data/poder360/all.csv,Poder360 via Pindograma (project cache)
2018,,presidente,2018-10-06,Datafolha,2506.0,0.0,estimulada,1,Votos Totais,BR-01584/2018,estimulada 1º turno - válidos,João Amoêdo,0,3.0,https://raw.githubusercontent.com/pindograma/pesquisas/master/data/poder360/all.csv,Poder360 via Pindograma (project cache)
2018,,presidente,2018-10-06,Datafolha,2506.0,0.0,estimulada,1,Votos Totais,BR-01584/2018,estimulada 1º turno - válidos,João Goulart Filho,0,0.0,https://raw.githubusercontent.com/pindograma/pesquisas/master/data/poder360/all.csv,Poder360 via Pindograma (project cache)
2018,,presidente,2018-10-06,Datafolha,2506.0,0.0,estimulada,1,Votos Totais,BR-01584/2018,estimulada 1º turno - válidos,Marina Silva,0,3.0,https://raw.githubusercontent.com/pindograma/pesquisas/master/data/poder360/all.csv,Poder360 via Pindograma (project cache)
2018,,presidente,2018-10-06,Datafolha,2506.0,0.0,estimulada,1,Votos Totais,BR-01584/2018,estimulada 1º turno - válidos,Vera Lúcia,0,0.0,https://raw.githubusercontent.com/pindograma/pesquisas/master/data/poder360/all.csv,Poder360 via Pindograma (project cache)
2018,,presidente,2018-10-06,Ibope,3010.0,2.0,estimulada,1,Votos Totais,BR-01537/2018,Estimulada - 1º turno - votos totais,Alvaro Dias,0,1.0,https://raw.githubusercontent.com/pindograma/pesquisas/master/data/poder360/all.csv,Poder360 via Pindograma (project cache)
2018,,presidente,2018-10-06,Ibope,3010.0,2.0,estimulada,1,Votos Totais,BR-01537/2018,Estimulada - 1º turno - votos totais,Bolsonaro,0,36.0,https://raw.githubusercontent.com/pindograma/pesquisas/master/data/poder360/all.csv,Poder360 via Pindograma (project cache)
2018,,presidente,2018-10-06,Ibope,3010.0,2.0,estimulada,1,Votos Totais,BR-01537/2018,Estimulada - 1º turno - votos totais,Cabo Daciolo,0,2.0,https://raw.githubusercontent.com/pindograma/pesquisas/master/data/poder360/all.csv,Poder360 via Pindograma (project cache)
2018,,presidente,2018-10-06,Ibope,3010.0,2.0,estimulada,1,Votos Totais,BR-01537/2018,Estimulada - 1º turno - votos totais,Ciro Gomes,0,11.0,https://raw.githubusercontent.com/pindograma/pesquisas/master/data/poder360/all.csv,Poder360 via Pindograma (project cache)
2018,,presidente,2018-10-06,Ibope,3010.0,2.0,estimulada,1,Votos Totais,BR-01537/2018,Estimulada - 1º turno - votos totais,Eymael,0,0.0,https://raw.githubusercontent.com/pindograma/pesquisas/master/data/poder360/all.csv,Poder360 via Pindograma (project cache)
2018,,presidente,2018-10-06,Ibope,3010.0,2.0,estimulada,1,Votos Totais,BR-01537/2018,Estimulada - 1º turno - votos totais,Fernando Haddad,0,22.0,https://raw.githubusercontent.com/pindograma/pesquisas/master/data/poder360/all.csv,Poder360 via Pindograma (project cache)
2018,,presidente,2018-10-06,Ibope,3010.0,2.0,estimulada,1,Votos Totais,BR-01537/2018,Estimulada - 1º turno - votos totais,Geraldo Alckmin,0,7.0,https://raw.githubusercontent.com/pindograma/pesquisas/master/data/poder360/all.csv,Poder360 via Pindograma (project cache)
2018,,presidente,2018-10-06,Ibope,3010.0,2.0,estimulada,1,Votos Totais,BR-01537/2018,Estimulada - 1º turno - votos totais,Guilherme Boulos,0,1.0,https://raw.githubusercontent.com/pindograma/pesquisas/master/data/poder360/all.csv,Poder360 via Pindograma (project cache)
2018,,presidente,2018-10-06,Ibope,3010.0,2.0,estimulada,1,Votos Totais,BR-01537/2018,Estimulada - 1º turno - votos totais,Henrique Meirelles,0,2.0,https://raw.githubusercontent.com/pindograma/pesquisas/master/data/poder360/all.csv,Poder360 via Pindograma (project cache)
2018,,presidente,2018-10-06,Ibope,3010.0,2.0,estimulada,1,Votos Totais,BR-01537/2018,Estimulada - 1º turno - votos totais,João Amoêdo,0,2.0,https://raw.githubusercontent.com/pindograma/pesquisas/master/data/poder360/all.csv,Poder360 via Pindograma (project cache)
2018,,presidente,2018-10-06,Ibope,3010.0,2.0,estimulada,1,Votos Totais,BR-01537/2018,Estimulada - 1º turno - votos totais,João Goulart Filho,0,0.0,https://raw.githubusercontent.com/pindograma/pesquisas/master/data/poder360/all.csv,Poder360 via Pindograma (project cache)
2018,,presidente,2018-10-06,Ibope,3010.0,2.0,estimulada,1,Votos Totais,BR-01537/2018,Estimulada - 1º turno - votos totais,Marina Silva,0,3.0,https://raw.githubusercontent.com/pindograma/pesquisas/master/data/poder360/all.csv,Poder360 via Pindograma (project cache)
2018,,presidente,2018-10-06,Ibope,3010.0,2.0,estimulada,1,Votos Totais,BR-01537/2018,Estimulada - 1º turno - votos totais,Vera Lúcia,0,0.0,https://raw.githubusercontent.com/pindograma/pesquisas/master/data/poder360/all.csv,Poder360 via Pindograma (project cache)
2018,,presidente,2018-10-06,Ibope,3010.0,2.0,estimulada,1,Votos Totais,BR-01537/2018,Estimulado - 1º turno - válidos,Alvaro Dias,0,2.0,https://raw.githubusercontent.com/pindograma/pesquisas/master/data/poder360/all.csv,Poder360 via Pindograma (project cache)
2018,,presidente,2018-10-06,Ibope,3010.0,2.0,estimulada,1,Votos Totais,BR-01537/2018,Estimulado - 1º turno - válidos,Bolsonaro,0,41.0,https://raw.githubusercontent.com/pindograma/pesquisas/master/data/poder360/all.csv,Poder360 via Pindograma (project cache)
2018,,presidente,2018-10-06,Ibope,3010.0,2.0,estimulada,1,Votos Totais,BR-01537/2018,Estimulado - 1º turno - válidos,Cabo Daciolo,0,2.0,https://raw.githubusercontent.com/pindograma/pesquisas/master/data/poder360/all.csv,Poder360 via Pindograma (project cache)
2018,,presidente,2018-10-06,Ibope,3010.0,2.0,estimulada,1,Votos Totais,BR-01537/2018,Estimulado - 1º turno - válidos,Ciro Gomes,0,13.0,https://raw.githubusercontent.com/pindograma/pesquisas/master/data/poder360/all.csv,Poder360 via Pindograma (project cache)
2018,,presidente,2018-10-06,Ibope,3010.0,2.0,estimulada,1,Votos Totais,BR-01537/2018,Estimulado - 1º turno - válidos,Eymael,0,0.0,https://raw.githubusercontent.com/pindograma/pesquisas/master/data/poder360/all.csv,Poder360 via Pindograma (project cache)
2018,,presidente,2018-10-06,Ibope,3010.0,2.0,estimulada,1,Votos Totais,BR-01537/2018,Estimulado - 1º turno - válidos,Fernando Haddad,0,25.0,https://raw.githubusercontent.com/pindograma/pesquisas/master/data/poder360/all.csv,Poder360 via Pindograma (project cache)
2018,,presidente,2018-10-06,Ibope,3010.0,2.0,estimulada,1,Votos Totais,BR-01537/2018,Estimulado - 1º turno - válidos,Geraldo Alckmin,0,8.0,https://raw.githubusercontent.com/pindograma/pesquisas/master/data/poder360/all.csv,Poder360 via Pindograma (project cache)
2018,,presidente,2018-10-06,Ibope,3010.0,2.0,estimulada,1,Votos Totais,BR-01537/2018,Estimulado - 1º turno - válidos,Guilherme Boulos,0,1.0,https://raw.githubusercontent.com/pindograma/pesquisas/master/data/poder360/all.csv,Poder360 via Pindograma (project cache)
2018,,presidente,2018-10-06,Ibope,3010.0,2.0,estimulada,1,Votos Totais,BR-01537/2018,Estimulado - 1º turno - válidos,Henrique Meirelles,0,2.0,https://raw.githubusercontent.com/pindograma/pesquisas/master/data/poder360/all.csv,Poder360 via Pindograma (project cache)
2018,,presidente,2018-10-06,Ibope,3010.0,2.0,estimulada,1,Votos Totais,BR-01537/2018,Estimulado - 1º turno - válidos,João Amoêdo,0,3.0,https://raw.githubusercontent.com/pindograma/pesquisas/master/data/poder360/all.csv,Poder360 via Pindograma (project cache)
2018,,presidente,2018-10-06,Ibope,3010.0,2.0,estimulada,1,Votos Totais,BR-01537/2018,Estimulado - 1º turno - válidos,João Goulart Filho,0,0.0,https://raw.githubusercontent.com/pindograma/pesquisas/master/data/poder360/all.csv,Poder360 via Pindograma (project cache)
2018,,presidente,2018-10-06,Ibope,3010.0,2.0,estimulada,1,Votos Totais,BR-01537/2018,Estimulado - 1º turno - válidos,Marina Silva,0,3.0,https://raw.githubusercontent.com/pindograma/pesquisas/master/data/poder360/all.csv,Poder360 via Pindograma (project cache)
2018,,presidente,2018-10-06,Ibope,3010.0,2.0,estimulada,1,Votos Totais,BR-01537/2018,Estimulado - 1º turno - válidos,Vera Lúcia,0,0.0,https://raw.githubusercontent.com/pindograma/pesquisas/master/data/poder360/all.csv,Poder360 via Pindograma (project cache)
2018,,presidente,2018-10-06,Vox Populi,2000.0,2.0,estimulada,1,Votos Totais,BR-04071/2018,1º turno - estimulado,Alvaro Dias,0,0.0,https://raw.githubusercontent.com/pindograma/pesquisas/master/data/poder360/all.csv,Poder360 via Pindograma (project cache)
2018,,presidente,2018-10-06,Vox Populi,2000.0,2.0,estimulada,1,Votos Totais,BR-04071/2018,1º turno - estimulado,Bolsonaro,0,34.0,https://raw.githubusercontent.com/pindograma/pesquisas/master/data/poder360/all.csv,Poder360 via Pindograma (project cache)
2018,,presidente,2018-10-06,Vox Populi,2000.0,2.0,estimulada,1,Votos Totais,BR-04071/2018,1º turno - estimulado,Cabo Daciolo,0,1.0,https://raw.githubusercontent.com/pindograma/pesquisas/master/data/poder360/all.csv,Poder360 via Pindograma (project cache)
2018,,presidente,2018-10-06,Vox Populi,2000.0,2.0,estimulada,1,Votos Totais,BR-04071/2018,1º turno - estimulado,Ciro Gomes,0,11.0,https://raw.githubusercontent.com/pindograma/pesquisas/master/data/poder360/all.csv,Poder360 via Pindograma (project cache)
2018,,presidente,2018-10-06,Vox Populi,2000.0,2.0,estimulada,1,Votos Totais,BR-04071/2018,1º turno - estimulado,Fernando Haddad,0,27.0,https://raw.githubusercontent.com/pindograma/pesquisas/master/data/poder360/all.csv,Poder360 via Pindograma (project cache)
2018,,presidente,2018-10-06,Vox Populi,2000.0,2.0,estimulada,1,Votos Totais,BR-04071/2018,1º turno - estimulado,Geraldo Alckmin,0,5.0,https://raw.githubusercontent.com/pindograma/pesquisas/master/data/poder360/all.csv,Poder360 via Pindograma (project cache)
2018,,presidente,2018-10-06,Vox Populi,2000.0,2.0,estimulada,1,Votos Totais,BR-04071/2018,1º turno - estimulado,Guilherme Boulos,0,1.0,https://raw.githubusercontent.com/pindograma/pesquisas/master/data/poder360/all.csv,Poder360 via Pindograma (project cache)
2018,,presidente,2018-10-06,Vox Populi,2000.0,2.0,estimulada,1,Votos Totais,BR-04071/2018,1º turno - estimulado,Henrique Meirelles,0,1.0,https://raw.githubusercontent.com/pindograma/pesquisas/master/data/poder360/all.csv,Poder360 via Pindograma (project cache)
2018,,presidente,2018-10-06,Vox Populi,2000.0,2.0,estimulada,1,Votos Totais,BR-04071/2018,1º turno - estimulado,João Amoêdo,0,1.0,https://raw.githubusercontent.com/pindograma/pesquisas/master/data/poder360/all.csv,Poder360 via Pindograma (project cache)
2018,,presidente,2018-10-06,Vox Populi,2000.0,2.0,estimulada,1,Votos Totais,BR-04071/2018,1º turno - estimulado,Marina Silva,0,2.0,https://raw.githubusercontent.com/pindograma/pesquisas/master/data/poder360/all.csv,Poder360 via Pindograma (project cache)
2018,,presidente,2018-10-06,Vox Populi,2000.0,2.0,estimulada,1,Votos Totais,BR-04071/2018,1º turno - estimulado - válidos,Alvaro Dias,0,1.0,https://raw.githubusercontent.com/pindograma/pesquisas/master/data/poder360/all.csv,Poder360 via Pindograma (project cache)
2018,,presidente,2018-10-06,Vox Populi,2000.0,2.0,estimulada,1,Votos Totais,BR-04071/2018,1º turno - estimulado - válidos,Bolsonaro,0,40.0,https://raw.githubusercontent.com/pindograma/pesquisas/master/data/poder360/all.csv,Poder360 via Pindograma (project cache)
2018,,presidente,2018-10-06,Vox Populi,2000.0,2.0,estimulada,1,Votos Totais,BR-04071/2018,1º turno - estimulado - válidos,Cabo Daciolo,0,1.0,https://raw.githubusercontent.com/pindograma/pesquisas/master/data/poder360/all.csv,Poder360 via Pindograma (project cache)
2018,,presidente,2018-10-06,Vox Populi,2000.0,2.0,estimulada,1,Votos Totais,BR-04071/2018,1º turno - estimulado - válidos,Ciro Gomes,0,13.0,https://raw.githubusercontent.com/pindograma/pesquisas/master/data/poder360/all.csv,Poder360 via Pindograma (project cache)
2018,,presidente,2018-10-06,Vox Populi,2000.0,2.0,estimulada,1,Votos Totais,BR-04071/2018,1º turno - estimulado - válidos,Fernando Haddad,0,31.0,https://raw.githubusercontent.com/pindograma/pesquisas/master/data/poder360/all.csv,Poder360 via Pindograma (project cache)
2018,,presidente,2018-10-06,Vox Populi,2000.0,2.0,estimulada,1,Votos Totais,BR-04071/2018,1º turno - estimulado - válidos,Geraldo Alckmin,0,6.0,https://raw.githubusercontent.com/pindograma/pesquisas/master/data/poder360/all.csv,Poder360 via Pindograma (project cache)
2018,,presidente,2018-10-06,Vox Populi,2000.0,2.0,estimulada,1,Votos Totais,BR-04071/2018,1º turno - estimulado - válidos,Guilherme Boulos,0,1.0,https://raw.githubusercontent.com/pindograma/pesquisas/master/data/poder360/all.csv,Poder360 via Pindograma (project cache)
2018,,presidente,2018-10-06,Vox Populi,2000.0,2.0,estimulada,1,Votos Totais,BR-04071/2018,1º turno - estimulado - válidos,Henrique Meirelles,0,2.0,https://raw.githubusercontent.com/pindograma/pesquisas/master/data/poder360/all.csv,Poder360 via Pindograma (project cache)
2018,,presidente,2018-10-06,Vox Populi,2000.0,2.0,estimulada,1,Votos Totais,BR-04071/2018,1º turno - estimulado - válidos,João Amoêdo,0,2.0,https://raw.githubusercontent.com/pindograma/pesquisas/master/data/poder360/all.csv,Poder360 via Pindograma (project cache)
2018,,presidente,2018-10-06,Vox Populi,2000.0,2.0,estimulada,1,Votos Totais,BR-04071/2018,1º turno - estimulado - válidos,Marina Silva,0,2.0,https://raw.githubusercontent.com/pindograma/pesquisas/master/data/poder360/all.csv,Poder360 via Pindograma (project cache)