poll_id,pollster,scope,uf,expected_publish_date,field_start,field_end,n,notes,source_basis
BR-03576,DataTrends,national,BR,2026-10-11,2026-10-07,2026-10-09,2000,,user_calendar_2026-10-10
BR-00650,Futura/Apex,national,BR,2026-10-13,2026-10-07,2026-10-10,2000,,user_calendar_2026-10-10
BR-07877,Gerp,national,BR,2026-10-13,2026-10-08,2026-10-12,2400,,user_calendar_2026-10-10
BR-05187,Gerp,national,BR,2026-10-13,2026-10-14,2026-10-16,2400,Data de publicacao informada antecede fim do campo; verificar registro.,user_calendar_2026-10-10
BR-07997,Nexus/FSB/BTG,national,BR,2026-10-13,2026-10-10,2026-10-12,2000,,user_calendar_2026-10-10
BR-08729,Quaest,national,BR,2026-10-14,2026-10-10,2026-10-13,2154,,user_calendar_2026-10-10
BR-01093,AtlasIntel,national,BR,2026-10-15,2026-10-09,2026-10-14,5000,,user_calendar_2026-10-10
BR-00466,Datafolha,national,BR,2026-10-15,2026-10-13,2026-10-15,2520,,user_calendar_2026-10-10
BR-04629,Indexa,national,BR,2026-10-15,2026-10-13,2026-10-14,2000,,user_calendar_2026-10-10
BR-08028,Palver,national,BR,2026-10-15,2026-10-10,2026-10-14,5000,,user_calendar_2026-10-10
BR-04258,PoderData,national,BR,2026-10-16,2026-10-13,2026-10-15,3000,,user_calendar_2026-10-10
BR-02236,Direct,regional,DF,2026-10-10,2026-10-06,2026-10-10,1200,user_calendar_2026-10-10,
BR-05793,Direct,regional,TO,2026-10-10,2026-10-06,2026-10-10,1200,user_calendar_2026-10-10,
BR-04715,Opnus,regional,CE,2026-10-10,2026-10-04,2026-10-04,4800,user_calendar_2026-10-10,
BR-06778,Correio do Povo,regional,TO,2026-10-11,2026-10-06,2026-10-12,1600,user_calendar_2026-10-10,
BR-04487,Seta,regional,RN,2026-10-11,2026-10-07,2026-10-10,1500,user_calendar_2026-10-10,
BR-07193,PoderData,regional,AM,2026-10-12,2026-10-08,2026-10-11,1200,user_calendar_2026-10-10,
BR-06799,Quaest,regional,DF,2026-10-12,2026-10-08,2026-10-11,1104,user_calendar_2026-10-10,
BR-02875,Quaest,regional,RJ,2026-10-12,2026-10-08,2026-10-11,1302,user_calendar_2026-10-10,
