registration_id,field_start,field_end
BR002452022,2022-09-30,2022-10-01
BR009992022,2022-09-25,2022-10-01
BR024442022,2022-09-30,2022-10-01
BR057932022,2022-09-30,2022-10-01
BR073382022,2022-09-28,2022-09-30
BR050072022,2022-09-30,2022-09-30
BR029442022,2022-09-28,2022-09-30
BR094792022,2022-09-27,2022-09-29
BR079172022,2022-09-27,2022-09-29
BR059802022,2022-09-24,2022-09-29
BR013182022,2022-09-24,2022-09-28
BR088472022,2022-09-26,2022-09-28
BR067432022,2022-09-26,2022-09-28
BR097822022,2022-09-23,2022-09-28
BR014262022,2022-09-25,2022-09-27
BR043712022,2022-09-24,2022-09-27
BR027142022,2022-09-22,2022-09-26
BR016402022,2022-09-20,2022-09-26
BR039282022,2022-09-22,2022-09-26
BR081232022,2022-09-23,2022-09-25
BR018972022,2022-09-21,2022-09-23
BR065802022,2022-09-19,2022-09-23
BR041802022,2022-09-20,2022-09-22
BR026502022,2022-09-19,2022-09-21
BR084252022,2022-09-19,2022-09-21
BR012042022,2022-09-16,2022-09-20
BR005802022,2022-09-18,2022-09-20
BR094302022,2022-09-18,2022-09-20
BR004072022,2022-09-18,2022-09-20
BR044592022,2022-09-17,2022-09-20
BR000732022,2022-09-13,2022-09-19
BR094172022,2022-09-15,2022-09-19
BR075602022,2022-09-16,2022-09-18
BR088832022,2022-09-14,2022-09-16
BR040992022,2022-09-13,2022-09-15
BR015272022,2022-09-10,2022-09-14
BR007452022,2022-09-12,2022-09-14
BR069842022,2022-09-12,2022-09-14
BR029552022,2022-09-11,2022-09-13
BR034202022,2022-09-10,2022-09-13
BR063212022,2022-09-09,2022-09-11
BR013902022,2022-09-06,2022-09-12
BR053882022,2022-09-08,2022-09-12
BR076062022,2022-09-07,2022-09-09
BR074222022,2022-09-08,2022-09-09
BR026182022,2022-09-05,2022-09-07
BR037602022,2022-09-05,2022-09-06
BR009222022,2022-08-30,2022-09-05
BR094462022,2022-08-31,2022-09-05
BR017862022,2022-09-02,2022-09-04
BR008072022,2022-09-01,2022-09-04
BR004332022,2022-08-30,2022-09-01
BR091022022,2022-08-29,2022-09-01
BR093442022,2022-08-30,2022-09-01
BR034922022,2022-08-26,2022-08-30
BR069222022,2022-08-28,2022-08-30
BR019792022,2022-08-23,2022-08-29
BR043472022,2022-08-26,2022-08-29
BR089342022,2022-08-26,2022-08-28
BR009502022,2022-08-25,2022-08-28
BR005852022,2022-08-25,2022-08-28
BR075682022,2022-08-24,2022-08-25
BR008482022,2022-08-20,2022-08-24
BR024052022,2022-08-19,2022-08-24
BR031382022,2022-08-19,2022-08-23
BR079012022,2022-08-19,2022-08-22
BR002442022,2022-08-19,2022-08-21
BR094042022,2022-08-16,2022-08-18
BR025482022,2022-08-14,2022-08-16
BR039802022,2022-08-09,2022-08-15
BR006032022,2022-08-12,2022-08-14
BR011672022,2022-08-11,2022-08-14
BR080282022,2022-08-05,2022-08-07
BR093272022,2022-08-01,2022-08-05
BR049372022,2022-08-01,2022-08-05
BR083982022,2022-07-31,2022-08-02
BR052512022,2022-07-28,2022-08-01
BR025462022,2022-07-28,2022-07-31
BR011922022,2022-07-27,2022-07-28
BR076392022,2022-07-21,2022-07-25
BR059382022,2022-07-22,2022-07-24
BR082202022,2022-07-20,2022-07-22
BR096082022,2022-07-15,2022-07-20
BR071222022,2022-07-17,2022-07-19
BR092922022,2022-07-08,2022-07-10
BR094082022,2022-06-30,2022-07-05
BR065502022,2022-07-03,2022-07-05
BR017632022,2022-06-30,2022-07-03
BR050222022,2022-06-24,2022-06-26
BR090882022,2022-06-22,2022-06-23
BR028452022,2022-06-17,2022-06-22
BR070032022,2022-06-19,2022-06-21
BR039582022,2022-06-10,2022-06-12
BR019752022,2022-06-05,2022-06-07
BR035522022,2022-06-02,2022-06-05
